Sequence Name,mcg,gvh,alm,mit,erl,pox,vac,nuc,Class
YKD8_YEAST,0.38,0.4,0.39,0.19,0.5,0.0,0.46,0.62,NUC
RL16_YEAST,0.61,0.53,0.59,0.17,0.5,0.0,0.44,0.28,CYT
SKN7_YEAST,0.46,0.56,0.56,0.25,0.5,0.0,0.43,0.22,NUC
TF3A_YEAST,0.41,0.59,0.65,0.14,0.5,0.0,0.49,0.33,NUC
ATPU_YEAST,0.5,0.54,0.53,0.54,0.5,0.0,0.51,0.27,MIT
ADH1_YEAST,0.43,0.53,0.52,0.13,0.5,0.0,0.55,0.22,CYT
PHD1_YEAST,0.48,0.46,0.58,0.26,0.5,0.0,0.44,0.22,NUC
NIP1_YEAST,0.35,0.5,0.44,0.27,0.5,0.0,0.51,0.22,CYT
CBP4_YEAST,0.35,0.52,0.48,0.22,0.5,0.0,0.26,0.22,MIT
CTR1_YEAST,0.36,0.37,0.33,0.14,0.5,0.0,0.57,0.31,ME3
DUN1_YEAST,0.37,0.53,0.46,0.23,0.5,0.0,0.47,0.22,NUC
YB33_YEAST,0.46,0.59,0.38,0.12,0.5,0.0,0.5,0.22,ME3
SPB4_YEAST,0.57,0.55,0.51,0.18,0.5,0.0,0.51,0.43,NUC
AROF_YEAST,0.34,0.46,0.57,0.09,0.5,0.0,0.55,0.22,CYT
SLY1_YEAST,0.64,0.31,0.53,0.15,0.5,0.0,0.53,0.31,CYT
LEU2_YEAST,0.51,0.43,0.47,0.19,0.5,0.0,0.52,0.37,CYT
HEM2_YEAST,0.53,0.43,0.47,0.15,0.5,0.0,0.58,0.22,CYT
SYKM_YEAST,0.5,0.56,0.49,0.61,0.5,0.0,0.5,0.22,MIT
KRE5_YEAST,0.86,0.92,0.5,0.37,1.0,0.0,0.53,0.32,ERL
BEM1_YEAST,0.49,0.61,0.49,0.25,0.5,0.0,0.5,0.28,CYT
RL15_YEAST,0.46,0.35,0.69,0.18,0.5,0.0,0.3,0.25,CYT
FET3_YEAST,0.54,0.55,0.42,0.22,0.5,0.0,0.48,0.22,ME3
MGM1_YEAST,0.66,0.52,0.52,0.44,0.5,0.0,0.56,0.27,MIT
SLU7_YEAST,0.19,0.16,0.68,0.36,0.5,0.0,0.49,0.21,NUC
AMYH_YEAST,0.83,0.81,0.45,0.38,0.5,0.0,0.4,0.26,EXC
RPBY_YEAST,0.48,0.45,0.63,0.19,0.5,0.0,0.58,0.22,NUC
RAD2_YEAST,0.39,0.44,0.54,0.24,0.5,0.0,0.51,0.49,NUC
SSN6_YEAST,0.19,0.66,0.6,0.14,0.5,0.0,0.2,0.25,NUC
NCPR_YEAST,0.78,0.63,0.53,0.13,0.5,0.0,0.54,0.22,ME2
MAT2_YEAST,0.51,0.48,0.58,0.22,0.5,0.0,0.5,0.28,NUC
TPIS_YEAST,0.44,0.49,0.49,0.27,0.5,0.0,0.52,0.22,CYT
SEC7_YEAST,0.37,0.42,0.46,0.15,0.5,0.0,0.51,0.31,ME2
UGS1_YEAST,0.58,0.45,0.48,0.24,0.5,0.0,0.52,0.37,CYT
SC65_YEAST,0.41,0.4,0.56,0.17,0.5,0.0,0.56,0.22,CYT
YHX8_YEAST,0.4,0.43,0.49,0.17,0.5,0.0,0.51,0.36,NUC
RS3B_YEAST,0.39,0.39,0.59,0.25,0.5,0.0,0.45,0.22,CYT
PR08_YEAST,0.4,0.28,0.48,0.06,0.5,0.0,0.49,0.42,NUC
KTHY_YEAST,0.42,0.43,0.56,0.1,0.5,0.0,0.49,0.22,CYT
KRE9_YEAST,0.87,0.83,0.57,0.36,0.5,0.0,0.36,0.22,EXC
COX3_YEAST,0.52,0.77,0.38,0.34,0.5,0.0,0.51,0.22,MIT
RL3P_YEAST,0.24,0.25,0.57,0.28,0.5,0.0,0.51,0.11,CYT
YGP1_YEAST,0.8,0.79,0.43,0.25,0.5,0.0,0.52,0.22,EXC
OM70_YEAST,0.81,0.65,0.52,0.41,0.5,0.0,0.57,0.26,MIT
ALP1_YEAST,0.42,0.24,0.34,0.16,0.5,0.0,0.5,0.22,ME3
VATL_YEAST,0.73,0.59,0.35,0.15,0.5,0.0,0.54,0.22,VAC
TPM2_YEAST,0.39,0.45,0.75,0.17,0.5,0.0,0.51,0.22,CYT
NAM7_YEAST,0.37,0.41,0.45,0.14,0.5,0.0,0.47,0.22,CYT
YIR3_YEAST,0.85,0.85,0.3,0.31,0.5,0.0,0.55,0.42,ME1
YN19_YEAST,0.41,0.59,0.46,0.19,0.5,0.0,0.36,0.22,EXC
POB1_YEAST,0.49,0.48,0.52,0.2,0.5,0.0,0.55,0.22,NUC
LEU1_YEAST,0.52,0.62,0.54,0.19,0.5,0.0,0.5,0.22,MIT
MEIX_YEAST,0.7,0.53,0.42,0.22,0.5,0.0,0.51,0.28,NUC
ACE2_YEAST,0.42,0.37,0.59,0.2,0.5,0.0,0.52,0.29,NUC
RPOM_YEAST,0.47,0.56,0.46,0.5,0.5,0.0,0.51,0.22,MIT
YAE2_YEAST,0.39,0.63,0.41,0.27,0.5,0.0,0.49,0.22,ME3
DHSB_YEAST,0.53,0.51,0.55,0.57,0.5,0.0,0.46,0.22,MIT
INO1_YEAST,0.51,0.34,0.43,0.18,0.5,0.0,0.48,0.25,CYT
YGL1_YEAST,0.38,0.56,0.38,0.16,0.5,0.0,0.53,0.22,ME3
RSU2_YEAST,0.54,0.35,0.55,0.19,0.5,0.0,0.3,0.22,CYT
LEU3_YEAST,0.54,0.54,0.49,0.14,0.5,0.0,0.56,0.22,CYT
SODM_YEAST,0.54,0.47,0.58,0.4,0.5,0.0,0.46,0.27,MIT
CYPH_YEAST,0.52,0.4,0.6,0.12,0.5,0.0,0.55,0.22,CYT
YB91_YEAST,0.43,0.6,0.4,0.12,0.5,0.0,0.49,0.29,ME3
ACEA_YEAST,0.52,0.5,0.53,0.1,0.5,0.0,0.48,0.22,POX
ADP1_YEAST,0.8,0.88,0.36,0.39,0.5,0.0,0.56,0.33,ME1
CSG2_YEAST,0.69,0.61,0.38,0.27,0.5,0.0,0.52,0.22,ME2
YKJ5_YEAST,0.36,0.48,0.61,0.26,0.5,0.0,0.5,0.16,NUC
BUD5_YEAST,0.47,0.52,0.5,0.4,0.5,0.0,0.41,0.22,CYT
K6P1_YEAST,0.57,0.49,0.5,0.2,0.5,0.0,0.51,0.28,CYT
FBRL_YEAST,0.35,0.44,0.54,0.26,0.5,0.0,0.52,0.26,NUC
RPC4_YEAST,0.36,0.49,0.55,0.21,0.5,0.0,0.55,0.33,NUC
MSB2_YEAST,0.76,0.76,0.35,0.27,0.5,0.0,0.44,0.22,ME1
ATPB_YEAST,0.43,0.57,0.51,0.49,0.5,0.0,0.48,0.22,MIT
HS74_YEAST,0.53,0.48,0.51,0.18,0.5,0.0,0.51,0.27,CYT
ODPX_YEAST,0.45,0.58,0.59,0.44,0.5,0.0,0.56,0.22,MIT
YCR3_YEAST,0.69,0.57,0.39,0.19,0.5,0.0,0.48,0.39,ME2
IPY2_YEAST,0.42,0.65,0.58,0.34,0.5,0.0,0.5,0.22,MIT
CAP_YEAST,0.52,0.56,0.55,0.16,0.5,0.0,0.53,0.39,CYT
ABC1_YEAST,0.5,0.54,0.48,0.65,0.5,0.0,0.53,0.22,MIT
TRP_YEAST,0.48,0.44,0.51,0.24,0.5,0.0,0.49,0.22,CYT
PPAB_YEAST,0.74,0.72,0.5,0.28,0.5,0.0,0.5,0.27,EXC
RS41_YEAST,0.32,0.44,0.54,0.21,0.5,0.0,0.4,0.19,CYT
YNE2_YEAST,0.44,0.41,0.29,0.21,0.5,0.0,0.49,0.22,ME3
DAP2_YEAST,0.36,0.68,0.38,0.08,0.5,0.0,0.53,0.25,VAC
SNF6_YEAST,0.55,0.4,0.62,0.22,0.5,0.0,0.37,0.28,NUC
R29B_YEAST,0.38,0.4,0.66,0.35,0.5,0.0,0.43,0.11,CYT
UME6_YEAST,0.6,0.57,0.63,0.22,0.5,0.0,0.5,0.49,NUC
RS3A_YEAST,0.38,0.4,0.59,0.25,0.5,0.0,0.44,0.22,CYT
MFA3_YEAST,0.8,0.81,0.55,0.35,0.5,0.0,0.42,0.22,EXC
DHE2_YEAST,0.59,0.43,0.52,0.19,0.5,0.0,0.55,0.27,CYT
PIK1_YEAST,0.45,0.4,0.43,0.22,0.5,0.0,0.51,0.48,NUC
MCM2_YEAST,0.26,0.38,0.52,0.36,0.5,0.0,0.48,0.56,NUC
SEC2_YEAST,0.58,0.56,0.46,0.14,0.5,0.0,0.51,0.22,CYT
R29A_YEAST,0.38,0.32,0.64,0.41,0.5,0.0,0.44,0.11,CYT
YB72_YEAST,0.57,0.52,0.46,0.2,0.5,0.83,0.52,0.41,POX
HSF_YEAST,0.34,0.35,0.61,0.19,0.5,0.0,0.52,0.25,NUC
MPI1_YEAST,0.4,0.68,0.5,0.82,0.5,0.0,0.44,0.36,MIT
R272_YEAST,0.39,0.65,0.57,0.19,0.5,0.0,0.43,0.25,CYT
MER2_YEAST,0.4,0.53,0.61,0.21,0.5,0.0,0.48,0.33,NUC
CYPR_YEAST,0.73,0.83,0.43,0.3,0.5,0.0,0.55,0.22,ME1
ZNRP_YEAST,0.67,0.57,0.36,0.19,0.5,0.0,0.56,0.22,ME2
RS4_YEAST,0.25,0.48,0.45,0.32,0.5,0.0,0.4,0.22,CYT
RAD5_YEAST,0.36,0.48,0.5,0.13,0.5,0.0,0.49,0.6,NUC
CHI1_YEAST,0.82,0.78,0.49,0.23,0.5,0.0,0.46,0.22,EXC
VP16_YEAST,0.41,0.48,0.51,0.2,0.5,0.0,0.51,0.22,CYT
HIP1_YEAST,0.48,0.46,0.38,0.29,0.5,0.0,0.53,0.22,ME3
YCS7_YEAST,0.31,0.3,0.34,0.19,0.5,0.0,0.55,0.3,ME3
ATU1_YEAST,0.54,0.55,0.34,0.31,0.5,0.0,0.54,0.22,ME3
ASSY_YEAST,0.66,0.62,0.49,0.1,0.5,0.0,0.49,0.22,CYT
SP21_YEAST,0.44,0.59,0.54,0.18,0.5,0.0,0.49,0.22,NUC
NOP2_YEAST,0.43,0.28,0.53,0.34,0.5,0.0,0.55,0.57,NUC
TYE7_YEAST,0.36,0.52,0.61,0.33,0.5,0.0,0.52,0.37,NUC
SIC1_YEAST,0.42,0.43,0.67,0.7,0.5,0.0,0.42,0.25,CYT
SC72_YEAST,0.59,0.55,0.57,0.18,0.5,0.0,0.51,0.22,CYT
RFC1_YEAST,0.26,0.36,0.47,0.34,0.5,0.0,0.53,0.72,NUC
PAP_YEAST,0.64,0.52,0.5,0.26,0.5,0.0,0.51,0.31,NUC
ISP6_YEAST,0.59,0.57,0.46,0.14,0.5,0.0,0.52,0.22,MIT
PLB1_YEAST,0.78,0.69,0.44,0.26,0.5,0.0,0.54,0.22,ME1
IF1A_YEAST,0.33,0.36,0.62,0.26,0.5,0.0,0.55,0.22,CYT
NAP1_YEAST,0.36,0.39,0.55,0.26,0.5,0.0,0.49,0.22,NUC
PUT2_YEAST,0.45,0.53,0.51,0.42,0.5,0.0,0.52,0.22,MIT
RLA2_YEAST,0.69,0.54,0.55,0.23,0.5,0.0,0.73,0.22,CYT
RAM1_YEAST,0.59,0.47,0.51,0.53,0.5,0.0,0.53,0.26,CYT
HIS7_YEAST,0.56,0.44,0.56,0.19,0.5,0.0,0.54,0.22,CYT
YHP0_YEAST,0.38,0.44,0.57,0.14,0.5,0.0,0.53,0.52,NUC
YB32_YEAST,0.4,0.44,0.47,0.25,0.5,0.0,0.54,0.56,NUC
AGA1_YEAST,0.78,0.74,0.42,0.26,0.5,0.0,0.43,0.22,ME1
GPDM_YEAST,0.69,0.5,0.49,0.42,0.5,0.0,0.49,0.22,MIT
BSD2_YEAST,0.36,0.43,0.39,0.12,0.5,0.0,0.49,0.22,ME3
LIP5_YEAST,0.68,0.5,0.55,0.65,0.5,0.0,0.46,0.31,MIT
RLA4_YEAST,0.78,0.82,0.56,0.21,0.5,0.0,0.69,0.22,CYT
HS83_YEAST,0.61,0.54,0.49,0.16,0.5,0.0,0.54,0.42,CYT
UGS2_YEAST,0.58,0.41,0.51,0.26,0.5,0.0,0.51,0.37,CYT
MRS2_YEAST,0.55,0.59,0.47,0.64,0.5,0.0,0.54,0.33,MIT
TOP3_YEAST,0.53,0.51,0.54,0.21,0.5,0.0,0.45,0.22,NUC
TBB_YEAST,0.53,0.42,0.53,0.19,0.5,0.0,0.47,0.22,CYT
MET4_YEAST,0.55,0.65,0.5,0.28,0.5,0.0,0.55,0.22,NUC
SC25_YEAST,0.5,0.48,0.48,0.23,0.5,0.0,0.53,0.68,CYT
YCQ0_YEAST,0.35,0.32,0.31,0.16,0.5,0.0,0.56,0.22,ME3
FAS1_YEAST,0.57,0.61,0.45,0.26,0.5,0.0,0.5,0.22,CYT
R26B_YEAST,0.46,0.54,0.59,0.41,0.5,0.0,0.53,0.21,CYT
BIK1_YEAST,0.64,0.57,0.57,0.27,0.5,0.0,0.37,0.22,CYT
UBIQ_YEAST,0.46,0.47,0.62,0.3,0.5,0.0,0.38,0.22,CYT
XRS2_YEAST,0.64,0.56,0.52,0.17,0.5,0.0,0.54,0.47,NUC
PRTB_YEAST,0.75,0.69,0.48,0.13,0.5,0.0,0.57,0.4,VAC
ADH4_YEAST,0.59,0.45,0.53,0.19,0.5,0.0,0.59,0.27,CYT
E2BA_YEAST,0.45,0.56,0.49,0.17,0.5,0.0,0.52,0.22,CYT
TIP1_YEAST,0.77,0.7,0.44,0.29,0.5,0.0,0.56,0.22,ME1
RT09_YEAST,0.58,0.53,0.5,0.53,0.5,0.0,0.47,0.31,MIT
SUL1_YEAST,0.43,0.28,0.41,0.32,0.5,0.0,0.52,0.22,ME3
RN14_YEAST,0.37,0.58,0.5,0.22,0.5,0.0,0.47,0.22,NUC
R167_YEAST,0.37,0.37,0.51,0.38,0.5,0.0,0.44,0.22,CYT
TRAM_YEAST,0.47,0.52,0.54,0.25,0.5,0.0,0.54,0.29,MIT
COX8_YEAST,0.55,0.45,0.45,0.54,0.5,0.0,0.5,0.22,MIT
CYPC_YEAST,0.47,0.46,0.59,0.49,0.5,0.0,0.56,0.22,MIT
SYLM_YEAST,0.6,0.51,0.52,0.45,0.5,0.0,0.5,0.27,MIT
GLN3_YEAST,0.43,0.54,0.58,0.16,0.5,0.0,0.5,0.36,NUC
EFG1_YEAST,0.53,0.48,0.45,0.44,0.5,0.0,0.49,0.27,MIT
DPOA_YEAST,0.36,0.39,0.54,0.16,0.5,0.0,0.5,0.28,NUC
H4_YEAST,0.37,0.34,0.58,0.24,0.5,0.0,0.44,0.18,NUC
R37B_YEAST,0.4,0.45,0.61,0.29,0.5,0.0,0.44,0.22,CYT
TSL1_YEAST,0.79,0.56,0.53,0.19,0.5,0.0,0.47,0.35,CYT
MSN2_YEAST,0.53,0.4,0.57,0.12,0.5,0.0,0.53,0.32,NUC
SNF3_YEAST,0.37,0.4,0.38,0.18,0.5,0.0,0.51,0.22,ME3
UBC7_YEAST,0.5,0.44,0.57,0.28,0.5,0.0,0.57,0.22,CYT
UMPK_YEAST,0.47,0.59,0.56,0.09,0.5,0.0,0.5,0.22,CYT
NUF2_YEAST,0.64,0.76,0.51,0.18,0.5,0.0,0.46,0.22,NUC
MTA1_YEAST,0.49,0.37,0.59,0.17,0.5,0.0,0.51,0.22,NUC
PROB_YEAST,0.56,0.48,0.5,0.17,0.5,0.0,0.51,0.26,CYT
RPB6_YEAST,0.27,0.31,0.55,0.13,0.5,0.0,0.5,0.22,NUC
STF1_YEAST,0.55,0.41,0.67,0.61,0.5,0.0,0.49,0.14,MIT
PT12_YEAST,0.45,0.53,0.47,0.43,0.5,0.0,0.5,0.27,MIT
SC21_YEAST,0.44,0.71,0.5,0.21,0.5,0.0,0.54,0.27,CYT
DCP2_YEAST,0.49,0.45,0.46,0.18,0.5,0.0,0.49,0.31,CYT
PHO4_YEAST,0.44,0.42,0.57,0.22,0.5,0.0,0.5,0.25,NUC
TRNL_YEAST,0.49,0.38,0.49,0.15,0.5,0.0,0.53,0.25,NUC
SRB4_YEAST,0.49,0.6,0.42,0.18,0.5,0.0,0.58,0.28,NUC
MSH2_YEAST,0.32,0.45,0.44,0.2,0.5,0.0,0.55,0.33,NUC
CARA_YEAST,0.53,0.51,0.46,0.28,0.5,0.0,0.48,0.22,CYT
CB33_YEAST,0.41,0.45,0.53,0.17,0.5,0.0,0.51,0.25,NUC
DYR_YEAST,0.8,0.46,0.5,0.15,0.5,0.0,0.53,0.22,CYT
SED1_YEAST,0.77,0.82,0.4,0.36,0.5,0.0,0.38,0.22,ME1
VATA_YEAST,0.36,0.51,0.51,0.17,0.5,0.0,0.52,0.22,VAC
CYPD_YEAST,0.78,0.74,0.58,0.25,1.0,0.0,0.53,0.22,ERL
COXE_YEAST,0.49,0.46,0.45,0.45,0.5,0.0,0.52,0.22,MIT
RA14_YEAST,0.39,0.16,0.59,0.08,0.5,0.0,0.51,0.27,NUC
SUI1_YEAST,0.39,0.39,0.65,0.16,0.5,0.0,0.45,0.22,CYT
HS75_YEAST,0.6,0.46,0.51,0.1,0.5,0.0,0.48,0.31,CYT
RL2_YEAST,0.63,0.64,0.45,0.26,0.5,0.0,0.43,0.22,CYT
DHA2_YEAST,0.57,0.53,0.53,0.34,0.5,0.0,0.53,0.22,MIT
NDI1_YEAST,0.53,0.61,0.51,0.49,0.5,0.0,0.54,0.27,MIT
RPB8_YEAST,0.44,0.5,0.55,0.24,0.5,0.0,0.48,0.22,NUC
SC18_YEAST,0.34,0.46,0.52,0.19,0.5,0.0,0.53,0.26,CYT
RM41_YEAST,0.52,0.5,0.59,0.31,0.5,0.0,0.5,0.22,MIT
PRCG_YEAST,0.55,0.63,0.54,0.16,0.5,0.0,0.45,0.27,CYT
H2A2_YEAST,0.44,0.53,0.52,0.37,0.5,0.0,0.5,0.22,NUC
MA3T_YEAST,0.39,0.37,0.33,0.23,0.5,0.0,0.53,0.26,ME3
KPYK_YEAST,0.61,0.55,0.51,0.26,0.5,0.0,0.52,0.22,CYT
STE6_YEAST,0.46,0.61,0.38,0.35,0.5,0.0,0.49,0.22,ME3
IDH1_YEAST,0.53,0.56,0.49,0.46,0.5,0.0,0.52,0.22,MIT
UBP2_YEAST,0.19,0.41,0.55,0.13,0.5,0.0,0.52,0.25,CYT
RT13_YEAST,0.51,0.42,0.56,0.38,0.5,0.0,0.46,0.22,MIT
YEA6_YEAST,0.42,0.71,0.45,0.15,0.5,0.0,0.48,0.22,ME3
SLA2_YEAST,0.46,0.48,0.38,0.22,0.5,0.0,0.39,0.45,ME3
GLNA_YEAST,0.44,0.34,0.55,0.18,0.5,0.0,0.52,0.22,CYT
YCH0_YEAST,0.55,0.35,0.36,0.29,0.5,0.0,0.51,0.22,ME3
YKN4_YEAST,0.46,0.62,0.46,0.54,0.5,0.0,0.51,0.27,MIT
OM20_YEAST,0.72,0.58,0.42,0.28,0.5,0.0,0.48,0.22,MIT
SWI3_YEAST,0.47,0.47,0.5,0.19,0.5,0.0,0.51,0.26,NUC
RPC5_YEAST,0.38,0.38,0.54,0.24,0.5,0.0,0.54,0.22,NUC
ITR2_YEAST,0.35,0.53,0.35,0.33,0.5,0.0,0.5,0.32,ME3
YCW2_YEAST,0.54,0.54,0.56,0.18,0.5,0.0,0.46,0.29,NUC
CC16_YEAST,0.62,0.51,0.52,0.42,0.5,0.0,0.54,0.27,NUC
NOT4_YEAST,0.47,0.44,0.53,0.18,0.5,0.0,0.47,0.29,NUC
RPB9_YEAST,0.34,0.47,0.48,0.32,0.5,0.0,0.42,0.22,NUC
RU1A_YEAST,0.47,0.46,0.55,0.28,0.5,0.0,0.44,0.46,NUC
PH80_YEAST,0.53,0.54,0.43,0.18,0.5,0.0,0.53,0.31,NUC
YJ64_YEAST,0.85,0.85,0.3,0.31,0.5,0.0,0.55,0.42,ME1
KC21_YEAST,0.31,0.31,0.56,0.33,0.5,0.0,0.52,0.33,NUC
MAT2_YEAST,0.51,0.48,0.58,0.22,0.5,0.0,0.5,0.28,NUC
STP1_YEAST,0.48,0.54,0.56,0.29,0.5,0.0,0.51,0.43,NUC
CHL1_YEAST,0.42,0.51,0.5,0.12,0.5,0.0,0.52,0.46,NUC
YCS4_YEAST,0.51,0.38,0.42,0.21,0.5,0.0,0.46,0.34,ME3
PDR3_YEAST,0.61,0.46,0.44,0.47,0.5,0.0,0.5,0.37,NUC
CIN4_YEAST,0.66,0.45,0.5,0.23,0.5,0.0,0.49,0.22,CYT
YJ90_YEAST,0.65,0.61,0.39,0.3,0.5,0.0,0.57,0.28,ME3
YHD5_YEAST,0.38,0.67,0.33,0.17,0.5,0.0,0.51,0.22,ME3
RNC1_YEAST,0.47,0.47,0.5,0.15,0.5,0.0,0.5,0.48,NUC
H150_YEAST,0.74,0.71,0.52,0.3,0.5,0.0,0.27,0.22,EXC
LYP1_YEAST,0.46,0.14,0.36,0.21,0.5,0.0,0.5,0.25,ME3
STL1_YEAST,0.36,0.5,0.39,0.23,0.5,0.0,0.5,0.22,ME3
TOA1_YEAST,0.57,0.29,0.63,0.22,0.5,0.0,0.49,0.27,NUC
SX19_YEAST,0.32,0.68,0.51,0.16,0.5,0.83,0.55,0.22,POX
DPOD_YEAST,0.25,0.39,0.5,0.23,0.5,0.0,0.5,0.28,NUC
TCPZ_YEAST,0.49,0.48,0.52,0.24,0.5,0.0,0.5,0.22,CYT
RL4A_YEAST,0.56,0.35,0.47,0.41,0.5,0.0,0.5,0.22,CYT
AROC_YEAST,0.6,0.47,0.45,0.22,0.5,0.0,0.51,0.29,CYT
RM27_YEAST,0.44,0.44,0.67,0.35,0.5,0.0,0.48,0.26,MIT
MPI2_YEAST,0.59,0.57,0.43,0.26,0.5,0.0,0.51,0.22,MIT
YHY0_YEAST,0.82,0.63,0.47,0.18,0.5,0.0,0.5,0.22,POX
UBC5_YEAST,0.5,0.46,0.49,0.27,0.5,0.0,0.6,0.22,CYT
ERG8_YEAST,0.62,0.58,0.46,0.13,0.5,0.0,0.53,0.22,CYT
UBC6_YEAST,0.43,0.48,0.36,0.26,0.5,0.0,0.52,0.22,ME3
ERS1_YEAST,0.73,0.55,0.41,0.16,0.5,0.0,0.46,0.22,ME2
MTC_YEAST,0.38,0.51,0.75,0.17,0.5,0.0,0.55,0.22,CYT
KTR3_YEAST,0.58,0.76,0.4,0.37,0.5,0.0,0.54,0.3,ME2
MBP1_YEAST,0.5,0.49,0.52,0.2,0.5,0.0,0.43,0.52,NUC
SC62_YEAST,0.54,0.44,0.35,0.19,0.5,0.0,0.51,0.27,ME3
SED4_YEAST,0.52,0.55,0.39,0.09,1.0,0.0,0.55,0.25,ME3
SYG_YEAST,0.4,0.48,0.5,0.17,0.5,0.0,0.54,0.5,CYT
YAB9_YEAST,0.4,0.45,0.45,0.15,0.5,0.0,0.53,0.48,NUC
P152_YEAST,0.41,0.53,0.41,0.15,0.5,0.0,0.54,0.25,NUC
R271_YEAST,0.39,0.65,0.57,0.19,0.5,0.0,0.44,0.25,CYT
COQ3_YEAST,0.52,0.56,0.54,0.53,0.5,0.0,0.45,0.22,MIT
FHL1_YEAST,0.33,0.44,0.49,0.08,0.5,0.0,0.48,0.49,NUC
PEM2_YEAST,0.48,0.49,0.45,0.23,0.5,0.0,0.51,0.22,ME3
SYN_YEAST,0.47,0.41,0.53,0.27,0.5,0.0,0.47,0.25,MIT
PGM1_YEAST,0.43,0.45,0.53,0.19,0.5,0.0,0.56,0.22,CYT
PMT2_YEAST,0.27,0.49,0.36,0.26,0.5,0.0,0.49,0.26,ME3
MA6R_YEAST,0.33,0.38,0.53,0.26,0.5,0.0,0.52,0.27,NUC
PMS1_YEAST,0.38,0.48,0.51,0.13,0.5,0.0,0.5,0.32,NUC
RL35_YEAST,0.52,0.47,0.58,0.18,0.5,0.0,0.34,0.11,CYT
PUB1_YEAST,0.48,0.5,0.56,0.11,0.5,0.0,0.33,0.22,CYT
GAP1_YEAST,0.49,0.46,0.34,0.21,0.5,0.0,0.55,0.22,ME3
RS31_YEAST,0.57,0.48,0.54,0.22,0.5,0.0,0.5,0.11,CYT
EF1B_YEAST,0.39,0.45,0.53,0.18,0.5,0.0,0.54,0.22,CYT
SRPR_YEAST,0.55,0.46,0.47,0.15,0.5,0.0,0.47,0.22,ME3
RPCX_YEAST,0.5,0.56,0.63,0.25,0.5,0.0,0.42,0.22,NUC
YKH4_YEAST,0.39,0.35,0.49,0.17,0.5,0.0,0.49,0.22,NUC
YAC2_YEAST,0.49,0.53,0.36,0.15,0.5,0.0,0.52,0.27,ME3
HS72_YEAST,0.51,0.48,0.51,0.19,0.5,0.0,0.51,0.27,CYT
TPM1_YEAST,0.42,0.45,0.75,0.21,0.5,0.0,0.48,0.22,CYT
MPP1_YEAST,0.47,0.54,0.54,0.48,0.5,0.0,0.53,0.26,MIT
CC68_YEAST,0.36,0.68,0.46,0.16,0.5,0.0,0.53,0.28,NUC
ANC1_YEAST,0.53,0.31,0.58,0.39,0.5,0.0,0.47,0.37,NUC
PRCH_YEAST,0.42,0.53,0.57,0.17,0.5,0.0,0.49,0.22,CYT
STU1_YEAST,0.33,0.37,0.49,0.22,0.5,0.0,0.55,0.22,CYT
MAS5_YEAST,0.64,0.44,0.56,0.15,0.5,0.0,0.56,0.22,CYT
STE5_YEAST,0.45,0.57,0.52,0.21,0.5,0.0,0.54,0.38,NUC
EST1_YEAST,0.35,0.6,0.47,0.13,0.5,0.0,0.52,0.43,NUC
PEP8_YEAST,0.4,0.36,0.55,0.15,0.5,0.0,0.53,0.22,VAC
MSH1_YEAST,0.49,0.44,0.45,0.55,0.5,0.0,0.48,0.22,MIT
SSB1_YEAST,0.44,0.39,0.63,0.11,0.5,0.0,0.49,0.26,NUC
PTSR_YEAST,0.5,0.5,0.54,0.16,0.5,0.0,0.49,0.22,POX
ZIP1_YEAST,0.47,0.43,0.61,0.4,0.5,0.0,0.48,0.47,NUC
YBE2_YEAST,0.26,0.3,0.37,0.15,0.5,0.0,0.53,0.25,ME3
PUR4_YEAST,0.43,0.44,0.48,0.22,0.5,0.0,0.51,0.22,CYT
HXT8_YEAST,0.42,0.44,0.33,0.17,0.5,0.0,0.54,0.27,ME3
LYS1_YEAST,0.5,0.45,0.48,0.17,0.5,0.0,0.5,0.26,CYT
CYT2_YEAST,0.27,0.39,0.66,0.11,0.5,0.0,0.44,0.22,MIT
S61A_YEAST,0.55,0.72,0.35,0.26,0.5,0.0,0.49,0.22,ME3
ATR1_YEAST,0.28,0.58,0.21,0.13,0.5,0.0,0.51,0.22,ME3
GR78_YEAST,0.85,0.56,0.33,0.38,1.0,0.0,0.55,0.25,ERL
CYC1_YEAST,0.46,0.54,0.71,0.15,0.5,0.0,0.59,0.22,MIT
CHS1_YEAST,0.26,0.5,0.33,0.28,0.5,0.0,0.51,0.22,ME3
GALX_YEAST,0.62,0.58,0.52,0.15,0.5,0.0,0.52,0.29,CYT
SSO2_YEAST,0.25,0.42,0.21,0.14,0.5,0.0,0.41,0.22,ME3
R104_YEAST,0.44,0.33,0.55,0.16,0.5,0.0,0.49,0.22,NUC
GCN4_YEAST,0.56,0.54,0.59,0.14,0.5,0.0,0.52,0.27,NUC
YBT6_YEAST,0.54,0.44,0.38,0.22,0.5,0.0,0.54,0.3,ME3
OSTB_YEAST,0.78,0.71,0.35,0.25,0.5,0.0,0.49,0.22,ME1
GSP2_YEAST,0.58,0.48,0.56,0.12,0.5,0.0,0.46,0.25,NUC
HOP1_YEAST,0.29,0.68,0.47,0.26,0.5,0.0,0.47,0.37,NUC
YIN0_YEAST,0.35,0.29,0.46,0.14,0.5,0.0,0.54,0.66,NUC
ALG5_YEAST,0.86,0.74,0.51,0.4,0.5,0.0,0.55,0.22,ME2
DCP3_YEAST,0.52,0.46,0.51,0.18,0.5,0.0,0.5,0.22,CYT
THIK_YEAST,0.46,0.48,0.44,0.21,0.5,0.0,0.55,0.22,POX
SC14_YEAST,0.38,0.4,0.53,0.12,0.5,0.0,0.55,0.22,CYT
IF52_YEAST,0.44,0.54,0.51,0.16,0.5,0.0,0.58,0.22,CYT
RS24_YEAST,0.61,0.38,0.57,0.36,0.5,0.0,0.44,0.21,CYT
HEX2_YEAST,0.44,0.42,0.62,0.14,0.5,0.0,0.55,0.37,NUC
EF1A_YEAST,0.63,0.43,0.48,0.11,0.5,0.0,0.51,0.22,CYT
COX4_YEAST,0.5,0.52,0.6,0.51,0.5,0.0,0.48,0.22,MIT
CATA_YEAST,0.37,0.53,0.6,0.19,0.5,0.5,0.42,0.22,POX
RL3A_YEAST,0.43,0.33,0.67,0.12,0.5,0.0,0.45,0.23,CYT
SNP2_YEAST,0.51,0.5,0.54,0.11,0.5,0.0,0.6,0.22,NUC
EF1A_YEAST,0.63,0.43,0.48,0.11,0.5,0.0,0.51,0.22,CYT
RAD4_YEAST,0.33,0.28,0.52,0.15,0.5,0.0,0.51,0.86,NUC
SPT7_YEAST,0.49,0.6,0.54,0.35,0.5,0.0,0.53,0.46,NUC
CYB_YEAST,0.61,0.72,0.31,0.33,0.5,0.0,0.56,0.22,MIT
PPCK_YEAST,0.45,0.47,0.53,0.15,0.5,0.0,0.52,0.27,CYT
MT17_YEAST,0.34,0.54,0.54,0.13,0.5,0.0,0.52,0.22,CYT
KIN2_YEAST,0.36,0.35,0.47,0.22,0.5,0.0,0.44,0.31,ME3
PRCE_YEAST,0.46,0.62,0.54,0.25,0.5,0.0,0.46,0.22,CYT
HR25_YEAST,0.43,0.39,0.51,0.28,0.5,0.0,0.4,0.22,NUC
RFC3_YEAST,0.34,0.58,0.5,0.26,0.5,0.0,0.51,0.22,NUC
KRE6_YEAST,0.37,0.55,0.29,0.32,0.5,0.0,0.51,0.22,ME3
SOF1_YEAST,0.36,0.32,0.55,0.27,0.5,0.0,0.47,0.43,NUC
MDHP_YEAST,0.68,0.58,0.51,0.19,0.5,0.83,0.54,0.22,POX
TP20_YEAST,0.4,0.56,0.53,0.15,0.5,0.0,0.49,0.22,CYT
ROX3_YEAST,0.43,0.44,0.64,0.19,0.5,0.0,0.38,0.33,NUC
YHN8_YEAST,0.86,0.78,0.34,0.15,0.5,0.0,0.53,0.22,ME2
CLC1_YEAST,0.24,0.34,0.69,0.18,0.5,0.0,0.52,0.22,CYT
RPA9_YEAST,0.72,0.51,0.52,0.08,0.5,0.0,0.54,0.22,NUC
UBC2_YEAST,0.48,0.47,0.59,0.41,0.5,0.0,0.56,0.27,NUC
KCC1_YEAST,0.31,0.55,0.52,0.17,0.5,0.0,0.52,0.22,CYT
PMP1_YEAST,0.95,0.71,0.27,0.39,0.5,0.0,0.31,0.22,ME2
YIN4_YEAST,0.58,0.67,0.49,0.16,0.5,0.0,0.47,0.28,MIT
NOT2_YEAST,0.64,0.6,0.57,0.19,0.5,0.0,0.43,0.22,NUC
TNT_YEAST,0.59,0.6,0.49,0.43,0.5,0.0,0.53,0.31,MIT
APE3_YEAST,0.74,0.57,0.51,0.28,0.5,0.0,0.58,0.22,VAC
RM44_YEAST,0.53,0.52,0.61,0.35,0.5,0.0,0.5,0.22,MIT
SYMM_YEAST,0.51,0.48,0.51,0.43,0.5,0.0,0.49,0.22,MIT
VATB_YEAST,0.44,0.35,0.55,0.14,0.5,0.0,0.52,0.22,VAC
RT08_YEAST,0.45,0.38,0.64,0.14,0.5,0.0,0.54,0.22,MIT
MTC_YEAST,0.38,0.51,0.75,0.17,0.5,0.0,0.55,0.22,CYT
YB37_YEAST,0.8,0.82,0.4,0.31,0.5,0.0,0.57,0.25,ME1
NPL1_YEAST,0.65,0.66,0.37,0.12,0.5,0.0,0.52,0.27,ME3
RT02_YEAST,0.57,0.4,0.62,0.3,0.5,0.0,0.48,0.11,MIT
CNA1_YEAST,0.55,0.59,0.52,0.1,0.5,0.0,0.53,0.22,CYT
MNN1_YEAST,0.66,0.66,0.32,0.54,0.5,0.0,0.51,0.22,ME2
ACE1_YEAST,0.43,0.39,0.54,0.21,0.5,0.0,0.53,0.27,NUC
ATE1_YEAST,0.58,0.51,0.49,0.27,0.5,0.0,0.57,0.29,CYT
NAB1_YEAST,0.49,0.6,0.55,0.17,0.5,0.0,0.44,0.22,CYT
TRK2_YEAST,0.59,0.48,0.41,0.53,0.5,0.0,0.48,0.56,ME3
MCM3_YEAST,0.53,0.51,0.51,0.11,0.5,0.0,0.49,0.41,NUC
PYRD_YEAST,0.48,0.39,0.56,0.23,0.5,0.0,0.6,0.22,CYT
KIP2_YEAST,0.38,0.49,0.54,1.0,0.5,0.0,0.5,0.27,CYT
EPT1_YEAST,0.29,0.43,0.4,0.15,0.5,0.0,0.53,0.22,ME3
COFI_YEAST,0.44,0.42,0.6,0.21,0.5,0.0,0.57,0.22,CYT
RL18_YEAST,0.45,0.5,0.57,0.29,0.5,0.0,0.44,0.11,CYT
RLA1_YEAST,0.66,0.6,0.52,0.19,0.5,0.0,0.69,0.22,CYT
SFL1_YEAST,0.49,0.49,0.52,0.18,0.5,0.0,0.51,0.25,NUC
YHI7_YEAST,0.29,0.26,0.43,0.17,0.5,0.0,0.55,0.3,ME3
RA25_YEAST,0.38,0.42,0.47,0.12,0.5,0.0,0.47,0.53,NUC
THDH_YEAST,0.5,0.53,0.45,0.44,0.5,0.0,0.49,0.22,MIT
DPOX_YEAST,0.32,0.49,0.53,0.28,0.5,0.0,0.5,0.5,NUC
STF2_YEAST,0.28,0.18,0.72,0.26,0.5,0.0,0.49,0.25,MIT
KI28_YEAST,0.57,0.49,0.48,0.16,0.5,0.0,0.51,0.22,NUC
IMP2_YEAST,0.35,0.49,0.47,0.22,0.5,0.0,0.5,0.28,MIT
AFG3_YEAST,0.51,0.51,0.43,0.87,0.5,0.0,0.52,0.22,MIT
RL46_YEAST,0.43,0.22,0.79,0.79,0.5,0.0,0.22,0.0,CYT
ACH1_YEAST,0.4,0.42,0.57,0.35,0.5,0.0,0.53,0.25,CYT
CYBM_YEAST,0.61,0.72,0.39,0.33,0.5,0.0,0.58,0.22,MIT
E2BB_YEAST,0.59,0.65,0.52,0.3,0.5,0.0,0.46,0.31,CYT
NIN1_YEAST,0.47,0.5,0.55,0.19,0.5,0.0,0.62,0.22,CYT
ARD1_YEAST,0.56,0.48,0.58,0.27,0.5,0.0,0.51,0.22,CYT
ADA2_YEAST,0.61,0.6,0.55,0.21,0.5,0.0,0.5,0.25,NUC
GEF1_YEAST,0.49,0.31,0.34,0.13,0.5,0.0,0.52,0.22,ME3
NUP1_YEAST,0.45,0.41,0.58,0.48,0.5,0.0,0.53,0.64,NUC
EXG1_YEAST,0.77,0.87,0.47,0.37,0.5,0.0,0.48,0.22,EXC
RAS1_YEAST,0.61,0.46,0.54,0.11,0.5,0.0,0.47,0.22,CYT
PT27_YEAST,0.26,0.28,0.6,0.2,0.5,0.0,0.54,0.31,MIT
PIS_YEAST,0.47,0.61,0.5,0.23,0.5,0.0,0.49,0.22,ME3
EF3_YEAST,0.48,0.58,0.47,0.17,0.5,0.0,0.53,0.74,CYT
SNC2_YEAST,0.25,0.35,0.22,0.18,0.5,0.0,0.46,0.22,ME3
AATC_YEAST,0.51,0.4,0.56,0.17,0.5,0.5,0.49,0.22,CYT
LGT3_YEAST,0.46,0.4,0.38,0.18,0.5,0.0,0.49,0.22,ME3
YKY8_YEAST,0.25,0.4,0.52,0.15,0.5,0.0,0.56,0.28,NUC
STE2_YEAST,0.49,0.55,0.41,0.19,0.5,0.0,0.48,0.31,ME3
H2A1_YEAST,0.44,0.53,0.52,0.37,0.5,0.0,0.5,0.22,NUC
HO_YEAST,0.53,0.53,0.53,0.17,0.5,0.0,0.49,0.37,NUC
ASG2_YEAST,0.81,0.85,0.47,0.37,0.5,0.0,0.56,0.22,EXC
SYG1_YEAST,0.31,0.51,0.38,0.18,0.5,0.0,0.46,0.31,ME3
STH1_YEAST,0.66,0.65,0.53,0.17,0.5,0.0,0.47,0.66,NUC
GLGB_YEAST,0.49,0.43,0.48,0.15,0.5,0.0,0.55,0.25,CYT
NAM9_YEAST,0.37,0.51,0.57,0.4,0.5,0.0,0.48,0.27,MIT
RFA2_YEAST,0.46,0.41,0.58,0.1,0.5,0.0,0.48,0.22,NUC
GAC1_YEAST,0.55,0.66,0.57,0.32,0.5,0.0,0.57,0.34,CYT
SC59_YEAST,0.51,0.51,0.32,0.27,0.5,0.0,0.54,0.22,ME3
CCE1_YEAST,0.58,0.62,0.54,0.17,0.5,0.0,0.48,0.22,MIT
CYC2_YEAST,0.4,0.56,0.48,0.14,0.5,0.0,0.47,0.22,MIT
CPT1_YEAST,0.47,0.54,0.37,0.14,0.5,0.0,0.5,0.22,ME3
RTPT_YEAST,0.48,0.45,0.59,0.35,0.5,0.0,0.55,0.3,MIT
INV2_YEAST,0.74,0.82,0.46,0.24,0.5,0.0,0.48,0.22,EXC
PRCF_YEAST,0.35,0.47,0.53,0.19,0.5,0.0,0.48,0.22,CYT
NAM1_YEAST,0.51,0.46,0.54,0.41,0.5,0.0,0.53,0.22,MIT
SUP1_YEAST,0.41,0.49,0.55,0.13,0.5,0.0,0.55,0.22,CYT
GOG5_YEAST,0.69,0.48,0.38,0.15,0.5,0.0,0.55,0.22,ME2
YAA7_YEAST,1.0,0.8,0.29,0.36,0.5,0.0,0.52,0.22,ME1
COXB_YEAST,0.5,0.41,0.44,0.5,0.5,0.0,0.42,0.22,MIT
SRS2_YEAST,0.51,0.61,0.5,0.23,0.5,0.0,0.52,0.61,NUC
SDH3_YEAST,0.54,0.64,0.4,0.56,0.5,0.0,0.51,0.22,MIT
TRPF_YEAST,0.62,0.6,0.54,0.22,0.5,0.0,0.54,0.27,CYT
YHK8_YEAST,0.49,0.56,0.37,0.2,0.5,0.0,0.53,0.22,ME3
CAT8_YEAST,0.44,0.52,0.41,0.23,0.5,0.0,0.51,0.22,NUC
TUP1_YEAST,0.5,0.43,0.56,0.17,0.5,0.0,0.35,0.22,NUC
RA54_YEAST,0.43,0.41,0.51,0.34,0.5,0.0,0.49,0.28,NUC
CTK1_YEAST,0.31,0.46,0.54,0.52,0.5,0.0,0.5,0.34,NUC
R161_YEAST,0.49,0.4,0.58,0.23,0.5,0.0,0.47,0.27,CYT
YHF0_YEAST,0.5,0.63,0.45,0.13,0.5,0.0,0.45,0.32,ME3
SC12_YEAST,0.55,0.52,0.44,0.2,0.5,0.0,0.56,0.22,ME2
RL44_YEAST,0.34,0.34,0.65,0.4,0.5,0.0,0.32,0.16,CYT
UCR6_YEAST,0.64,0.53,0.59,0.14,0.5,0.0,0.53,0.22,MIT
SOK1_YEAST,0.46,0.41,0.45,0.23,0.5,0.0,0.48,0.22,NUC
SMC2_YEAST,0.4,0.75,0.44,0.12,0.5,0.0,0.49,0.22,NUC
YJ16_YEAST,0.5,0.45,0.49,0.3,0.5,0.0,0.47,0.4,NUC
CHS3_YEAST,0.26,0.44,0.3,0.11,0.5,0.0,0.51,0.47,ME3
RM31_YEAST,0.58,0.52,0.61,0.33,0.5,0.0,0.38,0.11,MIT
HMD1_YEAST,0.51,0.63,0.3,0.35,0.5,0.0,0.53,0.27,ME3
OTC_YEAST,0.53,0.44,0.51,0.33,0.5,0.0,0.55,0.22,CYT
PGK_YEAST,0.48,0.42,0.48,0.19,0.5,0.0,0.58,0.22,CYT
RM25_YEAST,0.45,0.43,0.63,0.4,0.5,0.0,0.59,0.11,MIT
IF2G_YEAST,0.51,0.35,0.46,0.15,0.5,0.0,0.51,0.42,CYT
SC20_YEAST,0.46,0.47,0.44,0.18,1.0,0.0,0.46,0.22,ME2
FUS3_YEAST,0.51,0.58,0.54,0.29,0.5,0.0,0.53,0.22,CYT
SC17_YEAST,0.46,0.44,0.58,0.17,0.5,0.0,0.55,0.22,CYT
PT17_YEAST,0.75,0.6,0.43,0.35,0.5,0.0,0.45,0.27,MIT
AMPL_YEAST,0.42,0.32,0.48,0.16,0.5,0.0,0.55,0.22,VAC
ACON_YEAST,0.6,0.4,0.52,0.46,0.5,0.0,0.53,0.22,MIT
PR21_YEAST,0.38,0.26,0.6,0.1,0.5,0.0,0.48,0.44,NUC
YCD8_YEAST,0.3,0.68,0.41,0.17,0.5,0.0,0.51,0.22,ME3
SIR1_YEAST,0.45,0.41,0.53,0.49,0.5,0.0,0.49,0.31,NUC
MOD5_YEAST,0.67,0.51,0.54,0.21,0.5,0.0,0.43,0.3,MIT
CATT_YEAST,0.41,0.51,0.58,0.15,0.5,0.0,0.45,0.27,CYT
UBP3_YEAST,0.27,0.43,0.5,0.13,0.5,0.0,0.54,0.31,CYT
SP14_YEAST,0.52,0.45,0.45,0.13,0.5,0.0,0.48,0.22,NUC
FOX2_YEAST,0.69,0.6,0.51,0.13,0.5,0.83,0.52,0.22,POX
ERD1_YEAST,0.52,0.75,0.37,0.14,0.5,0.0,0.46,0.22,ME3
IF5_YEAST,0.41,0.46,0.57,0.25,0.5,0.0,0.57,0.38,CYT
PPAC_YEAST,0.74,0.72,0.5,0.28,0.5,0.0,0.49,0.27,EXC
SC15_YEAST,0.55,0.55,0.52,0.13,0.5,0.0,0.53,0.25,CYT
RM36_YEAST,0.64,0.64,0.56,0.21,0.5,0.0,0.5,0.22,MIT
IPYR_YEAST,0.43,0.51,0.6,0.25,0.5,0.0,0.55,0.22,CYT
CIN1_YEAST,0.48,0.61,0.44,0.2,0.5,0.0,0.47,0.22,CYT
RAT1_YEAST,0.53,0.46,0.54,0.37,0.5,0.0,0.51,0.3,NUC
COQ2_YEAST,0.63,0.56,0.45,0.58,0.5,0.0,0.51,0.22,MIT
UBC3_YEAST,0.58,0.48,0.51,0.47,0.5,0.0,0.55,0.22,NUC
RCS1_YEAST,0.33,0.55,0.51,0.43,0.5,0.0,0.51,0.22,NUC
SON1_YEAST,0.4,0.39,0.6,0.23,0.5,0.0,0.52,0.31,NUC
ROX1_YEAST,0.5,0.36,0.64,0.37,0.5,0.0,0.37,0.33,NUC
6PGD_YEAST,0.74,0.53,0.5,0.08,0.5,0.0,0.55,0.31,CYT
RL12_YEAST,0.59,0.51,0.48,0.12,0.5,0.0,0.54,0.31,CYT
ARG1_YEAST,0.37,0.32,0.47,0.18,0.5,0.0,0.45,0.25,NUC
GCN1_YEAST,0.41,0.52,0.41,0.11,0.5,0.0,0.54,0.35,CYT
YAG3_YEAST,0.88,0.75,0.41,0.36,0.5,0.0,0.43,0.22,ME2
YJ43_YEAST,0.4,0.51,0.42,0.13,0.5,0.0,0.45,0.25,ME3
PMGY_YEAST,0.55,0.41,0.56,0.21,0.5,0.0,0.52,0.22,CYT
TF3B_YEAST,0.49,0.51,0.52,0.13,0.5,0.0,0.51,0.33,NUC
ATPT_YEAST,0.63,0.53,0.54,0.4,0.5,0.0,0.5,0.22,MIT
YBC4_YEAST,0.32,0.3,0.57,0.38,0.5,0.0,0.5,0.25,NUC
TFC4_YEAST,0.33,0.17,0.52,0.13,0.5,0.0,0.51,0.75,NUC
SYSC_YEAST,0.3,0.33,0.55,0.12,0.5,0.0,0.53,0.38,CYT
BET1_YEAST,0.38,0.5,0.37,0.26,0.5,0.0,0.43,0.22,ME3
ATPE_YEAST,0.63,0.57,0.59,0.4,0.5,0.0,0.38,0.22,MIT
KC2C_YEAST,0.38,0.37,0.56,0.21,0.5,0.0,0.49,0.22,NUC
PORI_YEAST,0.41,0.49,0.58,0.22,0.5,0.0,0.52,0.22,MIT
SYFA_YEAST,0.45,0.4,0.56,0.14,0.5,0.0,0.54,0.22,CYT
YK44_YEAST,0.58,0.56,0.38,0.39,0.5,0.0,0.54,0.57,NUC
RM49_YEAST,0.5,0.46,0.64,0.36,0.5,0.0,0.49,0.22,MIT
DPB2_YEAST,0.5,0.51,0.52,0.09,0.5,0.0,0.48,0.25,NUC
KRE1_YEAST,0.84,0.87,0.45,0.54,0.5,0.0,0.28,0.22,ME1
R19A_YEAST,0.52,0.43,0.61,0.22,0.5,0.0,0.45,0.22,CYT
CC46_YEAST,0.51,0.34,0.5,0.19,0.5,0.0,0.5,0.22,NUC
TF2B_YEAST,0.58,0.64,0.42,0.3,0.5,0.0,0.54,0.22,NUC
ATC1_YEAST,0.44,0.43,0.34,0.21,0.5,0.0,0.55,0.4,ME3
PDR4_YEAST,0.57,0.53,0.6,0.28,0.5,0.0,0.52,0.45,NUC
YJ51_YEAST,0.81,0.76,0.32,0.37,0.5,0.0,0.51,0.22,ME2
SKO1_YEAST,0.47,0.55,0.57,0.17,0.5,0.0,0.52,0.66,NUC
VATX_YEAST,0.48,0.58,0.58,0.12,0.5,0.0,0.49,0.22,VAC
S160_YEAST,0.46,0.49,0.55,0.18,0.5,0.0,0.56,0.22,NUC
JNM1_YEAST,0.42,0.25,0.6,0.14,0.5,0.0,0.45,0.22,CYT
RPA3_YEAST,0.57,0.37,0.43,0.27,0.5,0.0,0.53,0.28,NUC
RL9_YEAST,0.48,0.46,0.58,0.16,0.5,0.0,0.45,0.22,CYT
6P2K_YEAST,0.45,0.41,0.49,0.14,1.0,0.0,0.53,0.3,CYT
PDC2_YEAST,0.51,0.46,0.57,0.25,0.5,0.0,0.53,0.22,CYT
PUT3_YEAST,0.29,0.4,0.41,0.48,0.5,0.0,0.53,0.3,NUC
RPC8_YEAST,0.57,0.42,0.63,0.22,0.5,0.0,0.68,0.32,NUC
MA3S_YEAST,0.39,0.37,0.56,0.15,0.5,0.0,0.5,0.27,CYT
VP34_YEAST,0.57,0.47,0.48,0.17,0.5,0.0,0.52,0.26,VAC
MIF2_YEAST,0.37,0.31,0.53,0.16,0.5,0.0,0.53,0.44,NUC
RL12_YEAST,0.59,0.51,0.48,0.12,0.5,0.0,0.54,0.31,CYT
RS6_YEAST,0.46,0.33,0.45,0.22,0.5,0.0,0.41,0.37,CYT
IF51_YEAST,0.44,0.55,0.51,0.16,0.5,0.0,0.6,0.22,CYT
RCA1_YEAST,0.41,0.41,0.43,0.61,0.5,0.0,0.53,0.22,MIT
RA26_YEAST,0.47,0.43,0.48,0.16,0.5,0.0,0.46,0.27,NUC
HXT2_YEAST,0.49,0.4,0.34,0.26,0.5,0.0,0.5,0.22,ME3
DHA1_YEAST,0.59,0.53,0.43,0.44,0.5,0.0,0.5,0.22,MIT
TOP1_YEAST,0.41,0.42,0.53,0.17,0.5,0.0,0.48,0.58,NUC
FPS1_YEAST,0.42,0.52,0.4,0.17,0.5,0.0,0.5,0.26,ME3
RED1_YEAST,0.57,0.55,0.52,0.16,0.5,0.0,0.49,0.39,NUC
HSP7_YEAST,0.38,0.46,0.52,0.75,0.5,0.0,0.5,0.26,MIT
USO1_YEAST,0.5,0.47,0.45,0.14,0.5,0.0,0.53,0.32,ME3
OPI1_YEAST,0.58,0.51,0.56,0.16,0.5,0.0,0.34,0.22,NUC
RAM2_YEAST,0.4,0.6,0.5,0.16,0.5,0.0,0.51,0.22,CYT
HEM3_YEAST,0.46,0.45,0.56,0.16,0.5,0.0,0.56,0.22,CYT
CC40_YEAST,0.28,0.37,0.61,0.09,0.5,0.0,0.52,0.55,NUC
SNC1_YEAST,0.27,0.41,0.24,0.2,0.5,0.0,0.49,0.22,ME3
ARF2_YEAST,0.64,0.56,0.56,0.22,0.5,0.0,0.45,0.22,CYT
N100_YEAST,0.9,0.54,0.59,0.2,0.5,0.0,0.48,0.22,NUC
ATPA_YEAST,0.45,0.55,0.54,0.66,0.5,0.0,0.47,0.22,MIT
YHR0_YEAST,0.8,0.73,0.47,0.19,0.5,0.0,0.49,0.22,ME1
SMI1_YEAST,0.43,0.32,0.56,0.27,0.5,0.0,0.47,0.27,NUC
YKW0_YEAST,0.81,0.9,0.39,0.41,0.5,0.0,0.53,0.22,ME2
RL2A_YEAST,0.45,0.27,0.57,0.36,0.5,0.0,0.52,0.18,CYT
SNF5_YEAST,0.66,0.43,0.57,0.6,0.5,0.0,0.19,0.33,NUC
FRE1_YEAST,0.91,0.77,0.34,0.47,0.5,0.0,0.52,0.31,ME1
BAF1_YEAST,0.48,0.45,0.59,0.2,0.5,0.0,0.58,0.34,NUC
NAB2_YEAST,0.56,0.63,0.52,0.2,0.5,0.0,0.34,0.26,NUC
RS8_YEAST,0.37,0.3,0.62,0.43,0.5,0.0,0.44,0.39,CYT
ADR6_YEAST,0.48,0.17,0.37,0.33,0.5,0.0,0.44,0.36,NUC
SYWM_YEAST,0.44,0.53,0.53,0.37,0.5,0.0,0.51,0.22,MIT
SDH4_YEAST,0.47,0.58,0.47,0.52,0.5,0.0,0.54,0.22,MIT
ATC3_YEAST,0.4,0.39,0.33,0.17,0.5,0.0,0.51,0.31,VAC
DPB3_YEAST,0.53,0.61,0.52,0.21,0.5,0.0,0.55,0.3,NUC
SWI5_YEAST,0.41,0.39,0.61,0.17,0.5,0.0,0.5,0.61,NUC
SHM1_YEAST,0.56,0.59,0.45,0.15,0.5,0.0,0.54,0.22,MIT
KIP1_YEAST,0.43,0.52,0.53,0.52,1.0,0.0,0.49,0.22,CYT
PIR1_YEAST,0.77,0.78,0.51,0.28,0.5,0.0,0.33,0.22,EXC
CY1_YEAST,0.44,0.68,0.45,0.51,0.5,0.0,0.52,0.41,MIT
CSE2_YEAST,0.53,0.38,0.66,0.25,0.5,0.0,0.43,0.22,NUC
PPA5_YEAST,0.74,0.74,0.51,0.27,0.5,0.0,0.5,0.22,EXC
DSS4_YEAST,0.56,0.52,0.55,0.19,0.5,0.0,0.54,0.22,CYT
HXTY_YEAST,0.33,0.28,0.31,0.24,0.5,0.0,0.53,0.22,ME3
UBR1_YEAST,0.42,0.46,0.44,0.17,0.5,0.0,0.51,0.42,CYT
CBS2_YEAST,0.67,0.62,0.54,0.43,0.5,0.0,0.53,0.22,MIT
YCZ6_YEAST,0.58,0.44,0.45,0.32,0.5,0.0,0.52,0.37,NUC
KAPA_YEAST,0.25,0.26,0.53,0.17,0.5,0.0,0.45,0.22,CYT
PNPP_YEAST,0.38,0.62,0.52,0.14,0.5,0.0,0.53,0.22,CYT
SRB5_YEAST,0.6,0.62,0.54,0.11,0.5,0.0,0.51,0.22,NUC
YK68_YEAST,0.32,0.29,0.29,0.08,0.5,0.0,0.52,0.22,ME3
SPT2_YEAST,0.37,0.48,0.67,0.37,0.5,0.0,0.56,0.62,NUC
NUF1_YEAST,0.51,0.34,0.49,0.16,0.5,0.0,0.53,0.21,NUC
PMM_YEAST,0.54,0.51,0.56,0.15,0.5,0.0,0.54,0.31,CYT
PH84_YEAST,0.38,0.45,0.37,0.19,0.5,0.0,0.52,0.3,ME3
OM45_YEAST,0.75,0.66,0.64,0.39,0.5,0.0,0.46,0.32,MIT
ADT2_YEAST,0.43,0.67,0.48,0.27,0.5,0.0,0.53,0.22,MIT
KEX2_YEAST,0.7,0.73,0.38,0.36,0.5,0.0,0.54,0.22,ME1
KR11_YEAST,0.27,0.56,0.56,0.18,0.5,0.0,0.52,0.22,CYT
COX7_YEAST,0.37,0.58,0.44,0.51,0.5,0.0,0.44,0.22,MIT
YHY1_YEAST,0.77,0.68,0.35,0.19,0.5,0.0,0.53,0.43,ME1
ACT2_YEAST,0.47,0.39,0.5,0.11,0.5,0.0,0.49,0.4,CYT
PLSC_YEAST,0.8,0.69,0.53,0.33,0.5,0.0,0.51,0.22,ME2
YCG9_YEAST,0.74,0.73,0.32,0.2,0.5,0.0,0.55,0.22,ME1
SRB6_YEAST,0.55,0.47,0.53,0.2,0.5,0.0,0.4,0.22,NUC
CBF5_YEAST,0.45,0.51,0.5,0.16,0.5,0.0,0.52,1.0,NUC
SYDC_YEAST,0.46,0.35,0.53,0.16,0.5,0.0,0.51,0.29,CYT
RM08_YEAST,0.55,0.5,0.6,0.31,0.5,0.0,0.46,0.27,MIT
RAP1_YEAST,0.54,0.53,0.53,0.17,0.5,0.0,0.51,0.39,NUC
PTP2_YEAST,0.45,0.27,0.5,0.33,0.5,0.0,0.53,0.26,CYT
COXX_YEAST,0.46,0.43,0.38,0.33,0.5,0.0,0.48,0.28,MIT
YIB3_YEAST,0.52,0.46,0.34,0.2,0.5,0.0,0.51,0.25,ME3
RU17_YEAST,0.33,0.46,0.6,0.18,0.5,0.0,0.51,0.26,NUC
DPSD_YEAST,0.51,0.46,0.4,0.65,0.5,0.0,0.49,0.22,MIT
RL41_YEAST,0.35,0.21,1.0,0.8,0.5,0.0,0.13,0.01,CYT
RL3_YEAST,0.48,0.44,0.46,0.37,0.5,0.0,0.46,0.36,CYT
DPO4_YEAST,0.56,0.5,0.56,0.26,0.5,0.0,0.53,0.27,NUC
RA51_YEAST,0.55,0.59,0.53,0.15,0.5,0.0,0.49,0.22,NUC
RPC1_YEAST,0.56,0.61,0.52,0.19,0.5,0.0,0.52,0.32,NUC
ACP_YEAST,0.52,0.53,0.58,0.69,0.5,0.0,0.5,0.22,MIT
F16P_YEAST,0.58,0.6,0.51,0.24,0.5,0.0,0.53,0.22,CYT
RA52_YEAST,0.31,0.39,0.55,0.28,0.5,0.0,0.46,0.31,NUC
K6P2_YEAST,0.62,0.43,0.49,0.29,0.5,0.0,0.5,0.27,CYT
ATP7_YEAST,0.54,0.52,0.63,0.37,0.5,0.0,0.46,0.22,MIT
TKT2_YEAST,0.55,0.69,0.51,0.12,0.5,0.0,0.51,0.22,CYT
YB52_YEAST,0.58,0.5,0.5,0.12,0.5,0.0,0.48,0.25,NUC
KTR2_YEAST,0.76,0.74,0.56,0.34,0.5,0.0,0.51,0.3,ME2
SP23_YEAST,0.48,0.65,0.36,0.24,0.5,0.0,0.54,0.31,NUC
ADB2_YEAST,0.48,0.39,0.51,0.21,0.5,0.0,0.52,0.28,CYT
RA57_YEAST,0.41,0.52,0.56,0.26,0.5,0.0,0.48,0.32,NUC
DHSA_YEAST,0.56,0.65,0.49,0.56,0.5,0.0,0.49,0.22,MIT
ARGD_YEAST,0.43,0.35,0.52,0.52,0.5,0.0,0.54,0.22,MIT
PR05_YEAST,0.33,0.21,0.53,0.15,1.0,0.0,0.52,0.5,NUC
ABF2_YEAST,0.55,0.5,0.66,0.36,0.5,0.0,0.49,0.22,MIT
RA23_YEAST,0.43,0.48,0.53,0.18,0.5,0.0,0.46,0.22,NUC
PPR1_YEAST,0.42,0.28,0.51,0.23,0.5,0.0,0.53,0.27,NUC
SIS1_YEAST,0.56,0.55,0.57,0.15,0.5,0.0,0.54,0.25,CYT
SRD1_YEAST,0.53,0.25,0.59,0.27,0.5,0.0,0.45,0.26,NUC
RT04_YEAST,0.42,0.53,0.53,0.64,0.5,0.0,0.47,0.22,MIT
INV4_YEAST,0.75,0.76,0.58,0.22,0.5,0.0,0.49,0.22,EXC
SPR1_YEAST,0.66,0.65,0.54,0.4,0.5,0.0,0.51,0.22,EXC
CH10_YEAST,0.55,0.53,0.56,0.29,0.5,0.0,0.48,0.22,MIT
NFS1_YEAST,0.48,0.54,0.53,0.6,0.5,0.0,0.53,0.31,NUC
RTG1_YEAST,0.41,0.46,0.58,0.08,0.5,0.0,0.51,0.28,NUC
NSP1_YEAST,0.87,0.47,0.6,0.47,0.5,0.0,0.59,0.22,NUC
G3P3_YEAST,0.61,0.52,0.5,0.44,0.5,0.0,0.53,0.22,CYT
FKB2_YEAST,0.74,0.72,0.47,0.25,0.5,0.0,0.57,0.22,ME1
TRK1_YEAST,0.55,0.39,0.39,0.47,0.5,0.0,0.5,0.83,ME3
COXA_YEAST,0.49,0.6,0.43,0.56,0.5,0.0,0.36,0.22,MIT
CC25_YEAST,0.39,0.58,0.5,0.26,0.5,0.0,0.54,0.59,ME3
VP45_YEAST,0.46,0.52,0.51,0.13,0.5,0.0,0.47,0.22,CYT
ST12_YEAST,0.38,0.51,0.56,0.21,0.5,0.0,0.48,0.31,NUC
SGE1_YEAST,0.85,0.69,0.34,0.31,0.5,0.0,0.57,0.3,ME1
DUR3_YEAST,0.83,0.58,0.33,0.04,0.5,0.0,0.53,0.22,ME2
RL17_YEAST,0.37,0.44,0.64,0.48,0.5,0.0,0.36,0.27,CYT
YB54_YEAST,0.4,0.4,0.43,0.19,0.5,0.83,0.48,0.22,POX
YPT1_YEAST,0.6,0.61,0.54,0.11,0.5,0.0,0.46,0.22,CYT
CCHL_YEAST,0.53,0.53,0.6,0.13,0.5,0.0,0.49,0.22,MIT
ST14_YEAST,0.4,0.65,0.38,0.17,0.5,0.0,0.57,0.22,ME3
IRE1_YEAST,0.89,0.81,0.36,0.71,0.5,0.0,0.55,0.63,ME1
GCN5_YEAST,0.31,0.31,0.54,0.18,0.5,0.0,0.52,0.29,NUC
DCUP_YEAST,0.48,0.34,0.47,0.14,0.5,0.0,0.47,0.26,CYT
ERG7_YEAST,0.34,0.38,0.45,0.19,0.5,0.0,0.51,0.22,ME2
DBP2_YEAST,0.23,0.2,0.53,0.2,0.5,0.0,0.44,0.22,NUC
YHC6_YEAST,0.61,0.76,0.3,0.16,0.5,0.0,0.45,0.41,ME3
CG11_YEAST,0.49,0.43,0.51,0.13,0.5,0.0,0.47,0.22,CYT
CG13_YEAST,0.43,0.57,0.53,0.53,0.5,0.0,0.53,0.25,CYT
RME1_YEAST,0.45,0.49,0.57,0.25,0.5,0.0,0.48,0.22,NUC
DATI_YEAST,0.27,0.36,0.6,0.33,0.5,0.0,0.37,0.31,NUC
PRI1_YEAST,0.33,0.35,0.56,0.19,0.5,0.0,0.5,0.22,NUC
PR09_YEAST,0.51,0.39,0.56,0.25,0.5,0.0,0.51,0.33,NUC
CCPR_YEAST,0.46,0.71,0.48,0.53,0.5,0.0,0.53,0.22,MIT
ITR1_YEAST,0.49,0.41,0.32,0.21,0.5,0.0,0.5,0.32,ME3
HS71_YEAST,0.53,0.48,0.51,0.18,0.5,0.0,0.52,0.27,CYT
VM11_YEAST,0.68,0.68,0.35,0.16,0.5,0.0,0.62,0.22,VAC
G3P1_YEAST,0.59,0.48,0.49,0.42,0.5,0.0,0.52,0.22,CYT
YAG7_YEAST,0.49,0.49,0.4,0.2,0.5,0.0,0.48,0.26,ME3
UCR2_YEAST,0.49,0.45,0.54,0.4,0.5,0.0,0.55,0.22,MIT
IF41_YEAST,0.32,0.32,0.52,0.18,0.5,0.0,0.48,0.34,CYT
YN70_YEAST,0.51,0.65,0.53,0.19,0.5,0.0,0.49,0.22,EXC
SCA1_YEAST,0.47,0.32,0.51,0.24,0.5,0.0,0.54,0.27,NUC
MLH1_YEAST,0.66,0.54,0.49,0.16,0.5,0.0,0.54,0.36,NUC
ADB1_YEAST,0.47,0.41,0.46,0.18,0.5,0.0,0.53,0.22,ME3
RM37_YEAST,0.56,0.5,0.61,0.49,0.5,0.0,0.46,0.28,MIT
SFP1_YEAST,0.54,0.59,0.57,0.34,0.5,0.0,0.49,0.22,NUC
CG12_YEAST,0.54,0.38,0.52,0.18,0.5,0.0,0.48,0.22,CYT
HXT6_YEAST,0.45,0.57,0.3,0.17,0.5,0.0,0.51,0.22,ME3
TSM1_YEAST,0.5,0.5,0.48,0.34,0.5,0.0,0.52,0.27,NUC
ODPB_YEAST,0.49,0.52,0.53,0.7,0.5,0.0,0.51,0.22,MIT
PAS7_YEAST,0.5,0.51,0.57,0.27,0.5,0.0,0.48,0.22,POX
YM38_YEAST,0.39,0.28,0.54,0.14,0.5,0.0,0.59,0.22,MIT
MAC1_YEAST,0.52,0.49,0.57,0.57,0.5,0.0,0.51,0.22,NUC
RA50_YEAST,0.45,0.54,0.49,0.29,0.5,0.0,0.49,0.25,NUC
MLP1_YEAST,0.46,0.55,0.61,0.13,0.5,0.0,0.47,0.22,CYT
R16A_YEAST,0.44,0.56,0.52,0.18,0.5,0.0,0.5,0.11,CYT
MSN1_YEAST,0.52,0.38,0.62,0.12,0.5,0.0,0.41,0.28,NUC
RPD3_YEAST,0.37,0.3,0.51,0.15,0.5,0.0,0.58,0.26,NUC
SSD1_YEAST,0.45,0.45,0.51,0.3,0.5,0.0,0.48,0.44,CYT
SCO1_YEAST,0.52,0.54,0.47,0.49,0.5,0.0,0.54,0.22,MIT
GPDA_YEAST,0.44,0.51,0.48,0.38,0.5,0.0,0.52,0.22,CYT
AST1_YEAST,0.48,0.42,0.52,0.24,0.5,0.0,0.56,0.22,CYT
DA82_YEAST,0.56,0.43,0.54,0.16,0.5,0.0,0.5,0.22,NUC
PRCI_YEAST,0.56,0.42,0.52,0.14,0.5,0.0,0.51,0.22,CYT
PT22_YEAST,0.56,0.68,0.52,0.39,0.5,0.0,0.36,0.22,MIT
HEM1_YEAST,0.57,0.59,0.5,0.58,0.5,0.0,0.53,0.22,MIT
YHA9_YEAST,0.47,0.4,0.63,0.19,0.5,0.0,0.52,0.32,NUC
TAT2_YEAST,0.39,0.46,0.33,0.18,0.5,0.0,0.53,0.22,ME3
KTR1_YEAST,0.77,0.6,0.42,0.33,0.5,0.0,0.57,0.22,ME2
TSA_YEAST,0.59,0.64,0.44,0.26,0.5,0.0,0.5,0.22,CYT
ILV5_YEAST,0.57,0.61,0.55,0.67,0.5,0.0,0.48,0.22,MIT
CACP_YEAST,0.45,0.41,0.5,0.46,0.5,0.5,0.5,0.27,POX
TFC3_YEAST,0.47,0.38,0.5,0.15,0.5,0.0,0.49,0.47,NUC
EF2_YEAST,0.52,0.54,0.5,0.21,0.5,0.0,0.48,0.3,CYT
CBP1_YEAST,0.45,0.45,0.5,0.6,0.5,0.0,0.49,0.22,MIT
CYP1_YEAST,0.6,0.48,0.44,0.52,0.5,0.0,0.54,0.63,NUC
PEP1_YEAST,0.74,0.89,0.32,0.24,0.5,0.0,0.54,0.32,ME1
H2B1_YEAST,0.32,0.34,0.61,0.17,0.5,0.0,0.52,0.32,NUC
TBA1_YEAST,0.59,0.46,0.57,0.17,0.5,0.0,0.52,0.22,CYT
TIF3_YEAST,0.47,0.56,0.58,0.19,0.5,0.0,0.44,0.64,CYT
YKE9_YEAST,0.34,0.36,0.54,0.11,0.5,0.0,0.36,0.21,NUC
HEM6_YEAST,0.35,0.4,0.53,0.18,0.5,0.0,0.42,0.38,CYT
RN12_YEAST,0.56,0.51,0.32,0.49,0.5,0.0,0.48,0.22,NUC
CIN8_YEAST,0.21,0.41,0.55,0.11,0.5,0.0,0.5,0.27,CYT
ATM1_YEAST,0.6,0.5,0.44,0.61,0.5,0.0,0.47,0.22,MIT
ATPD_YEAST,0.5,0.58,0.46,0.46,0.5,0.0,0.46,0.22,MIT
RM02_YEAST,0.6,0.51,0.6,0.38,0.5,0.83,0.52,0.24,MIT
KAR3_YEAST,0.34,0.31,0.6,0.37,0.5,0.0,0.5,0.3,NUC
CAD1_YEAST,0.48,0.23,0.57,0.27,0.5,0.0,0.48,0.47,NUC
DCP1_YEAST,0.49,0.45,0.53,0.16,0.5,0.0,0.49,0.31,CYT
YHA8_YEAST,0.63,0.65,0.42,0.18,0.5,0.0,0.54,0.27,ME3
MRS3_YEAST,0.54,0.64,0.5,0.13,0.5,0.0,0.49,0.22,MIT
GBA1_YEAST,0.3,0.5,0.47,0.11,0.5,0.0,0.46,0.22,CYT
MK11_YEAST,0.78,0.48,0.47,0.3,0.5,0.0,0.53,0.47,ME2
FUR4_YEAST,0.35,0.56,0.36,0.3,0.5,0.0,0.53,0.25,ME3
RAS2_YEAST,0.66,0.55,0.54,0.18,0.5,0.0,0.43,0.22,CYT
R114_YEAST,0.44,0.45,0.53,0.19,0.5,0.0,0.41,0.28,NUC
CALX_YEAST,0.75,0.7,0.38,0.27,0.5,0.0,0.49,0.22,ME1
MDM1_YEAST,0.49,0.44,0.45,0.22,0.5,0.0,0.51,0.22,CYT
PMT_YEAST,0.5,0.61,0.44,0.2,0.5,0.0,0.49,0.22,MIT
VATC_YEAST,0.64,0.61,0.56,0.15,0.5,0.0,0.54,0.22,VAC
PYC1_YEAST,0.46,0.43,0.5,0.24,0.5,0.0,0.48,0.31,CYT
ATPY_YEAST,0.46,0.49,0.58,0.23,0.5,0.0,0.44,0.22,MIT
ILVB_YEAST,0.45,0.59,0.53,0.74,0.5,0.0,0.47,0.25,MIT
PR18_YEAST,0.33,0.39,0.52,0.09,0.5,0.0,0.47,0.28,NUC
DA81_YEAST,0.39,0.28,0.46,0.12,0.5,0.0,0.41,0.22,NUC
PRC9_YEAST,0.48,0.56,0.49,0.32,0.5,0.0,0.5,0.22,CYT
IMP1_YEAST,0.67,0.51,0.53,0.28,0.5,0.0,0.51,0.22,MIT
CC12_YEAST,0.6,0.5,0.57,0.25,0.5,0.0,0.41,0.26,CYT
CBP3_YEAST,0.47,0.47,0.57,0.48,0.5,0.0,0.48,0.22,MIT
TCPE_YEAST,0.62,0.42,0.47,0.16,0.5,0.0,0.52,0.22,CYT
HXT3_YEAST,0.34,0.4,0.3,0.23,0.5,0.0,0.51,0.22,ME3
AMYG_YEAST,0.7,0.78,0.53,0.24,0.5,0.0,0.48,0.22,VAC
VP17_YEAST,0.25,0.4,0.54,0.16,0.5,0.0,0.43,0.22,CYT
SR68_YEAST,0.62,0.33,0.49,0.24,0.5,0.0,0.51,0.42,CYT
INO2_YEAST,0.56,0.45,0.59,0.14,0.5,0.0,0.51,0.26,NUC
PT09_YEAST,0.48,0.52,0.49,0.35,0.5,0.5,0.51,0.22,MIT
AMPM_YEAST,0.48,0.51,0.57,0.24,0.5,0.0,0.5,0.22,CYT
MYS1_YEAST,0.58,0.38,0.4,0.21,0.5,0.0,0.5,0.22,CYT
EF1H_YEAST,0.54,0.48,0.55,0.33,0.5,0.0,0.55,0.4,CYT
GLO3_YEAST,0.34,0.66,0.51,0.16,0.5,0.0,0.47,0.33,NUC
MDJ1_YEAST,0.4,0.52,0.53,0.52,0.5,0.0,0.51,0.22,MIT
RL35_YEAST,0.52,0.47,0.58,0.18,0.5,0.0,0.34,0.11,CYT
HS26_YEAST,0.44,0.41,0.58,0.2,0.5,0.0,0.57,0.25,CYT
MTF1_YEAST,0.46,0.46,0.56,0.12,0.5,0.0,0.55,0.22,MIT
GAL8_YEAST,0.6,0.6,0.49,0.3,0.5,0.0,0.53,0.22,NUC
SX18_YEAST,0.38,0.58,0.46,0.21,0.5,0.0,0.52,0.22,NUC
MCM1_YEAST,0.18,0.48,0.46,0.12,0.5,0.0,0.0,0.25,NUC
MYS4_YEAST,0.43,0.4,0.5,0.18,0.5,0.0,0.5,0.28,CYT
RPM2_YEAST,0.42,0.49,0.49,0.36,0.5,0.0,0.57,0.26,MIT
CHS2_YEAST,0.39,0.42,0.38,0.4,0.5,0.0,0.49,0.47,ME3
RL2_YEAST,0.63,0.64,0.45,0.26,0.5,0.0,0.43,0.22,CYT
ZUO1_YEAST,0.43,0.4,0.6,0.16,0.5,0.0,0.53,0.39,NUC
ATH2_YEAST,0.27,0.56,0.3,0.14,0.5,0.0,0.52,0.39,ME3
MDL2_YEAST,0.72,0.56,0.4,0.26,0.5,0.0,0.51,0.26,ME2
YB8E_YEAST,0.56,0.71,0.47,0.21,0.5,0.0,0.52,0.22,MIT
RPBX_YEAST,0.57,0.49,0.61,0.26,0.5,0.0,0.52,0.22,NUC
SAC7_YEAST,0.34,0.25,0.55,0.28,0.5,0.0,0.51,0.49,CYT
ATC4_YEAST,0.51,0.55,0.35,0.16,0.5,0.0,0.51,0.47,ME3
GAL7_YEAST,0.5,0.5,0.48,0.17,0.5,0.0,0.47,0.26,CYT
H3_YEAST,0.39,0.39,0.55,0.52,0.5,0.0,0.37,0.16,NUC
RS4E_YEAST,0.53,0.57,0.6,0.36,0.5,0.0,0.5,0.22,CYT
YCX9_YEAST,0.71,0.64,0.42,0.28,0.5,0.0,0.43,0.22,EXC
C1TC_YEAST,0.45,0.4,0.5,0.16,0.5,0.0,0.5,0.22,CYT
MA6T_YEAST,0.39,0.37,0.33,0.23,0.5,0.0,0.52,0.26,ME3
RAD7_YEAST,0.49,0.49,0.51,0.29,0.5,0.0,0.52,0.71,NUC
FMT_YEAST,0.59,0.56,0.5,0.48,0.5,0.0,0.46,0.22,MIT
PES4_YEAST,0.67,0.46,0.58,0.3,0.5,0.0,0.57,0.27,NUC
PRT1_YEAST,0.59,0.46,0.48,0.46,0.5,0.0,0.49,0.22,CYT
AGA2_YEAST,0.74,0.67,0.47,0.34,0.5,0.0,0.42,0.22,EXC
FPPS_YEAST,0.55,0.56,0.45,0.14,0.5,0.0,0.54,0.22,CYT
TF2D_YEAST,0.37,0.29,0.45,0.15,0.5,0.0,0.49,0.22,NUC
PTP1_YEAST,0.53,0.45,0.53,0.18,0.5,0.0,0.42,0.22,CYT
PGD1_YEAST,0.41,0.48,0.54,0.24,0.5,0.0,0.37,0.51,NUC
HAP2_YEAST,0.47,0.49,0.63,0.17,0.5,0.0,0.31,0.26,NUC
IS42_YEAST,0.58,0.55,0.52,0.22,0.5,0.0,0.44,0.22,MIT
CALB_YEAST,0.37,0.42,0.51,0.11,0.5,0.0,0.57,0.22,CYT
R17A_YEAST,0.43,0.33,0.54,0.37,0.5,0.0,0.38,0.16,CYT
CHMU_YEAST,0.47,0.39,0.59,0.15,0.5,0.0,0.57,0.22,CYT
DPOE_YEAST,0.37,0.48,0.5,0.26,0.5,0.0,0.52,0.39,NUC
MASZ_YEAST,0.44,0.53,0.52,0.23,0.5,0.83,0.51,0.22,POX
SC13_YEAST,0.49,0.38,0.56,0.09,0.5,0.0,0.46,0.22,CYT
SP10_YEAST,0.27,0.46,0.52,0.17,0.5,0.0,0.49,0.44,NUC
YAF1_YEAST,0.45,0.51,0.43,0.22,0.5,0.0,0.57,0.22,NUC
MNN9_YEAST,0.74,0.56,0.35,0.36,0.5,0.0,0.51,0.25,ME2
HAL1_YEAST,0.38,0.49,0.61,0.13,0.5,0.0,0.54,0.22,CYT
EFTU_YEAST,0.61,0.73,0.5,0.58,0.5,0.0,0.5,0.22,MIT
YMC1_YEAST,0.39,0.58,0.47,0.18,0.5,0.0,0.48,0.22,MIT
MS51_YEAST,0.55,0.53,0.54,0.4,0.5,0.0,0.48,0.22,MIT
PRI2_YEAST,0.45,0.48,0.56,0.56,0.5,0.0,0.47,0.22,NUC
YIG3_YEAST,0.34,0.24,0.51,0.15,0.5,0.0,0.54,0.4,NUC
AP54_YEAST,0.33,0.49,0.46,0.22,0.5,0.0,0.53,0.33,ME3
YHR8_YEAST,0.31,0.42,0.48,0.17,0.5,0.0,0.49,0.53,NUC
SED5_YEAST,0.42,0.28,0.33,0.23,0.5,0.0,0.39,0.26,ME3
PR28_YEAST,0.62,0.41,0.52,0.17,0.5,0.0,0.48,0.22,NUC
GFA1_YEAST,0.52,0.51,0.51,0.12,0.5,0.0,0.51,0.4,CYT
PDR1_YEAST,0.33,0.38,0.45,0.19,0.5,0.0,0.54,0.37,NUC
PPX1_YEAST,0.51,0.48,0.46,0.29,0.5,0.0,0.54,0.22,CYT
RAD3_YEAST,0.52,0.5,0.51,0.2,0.5,0.0,0.51,0.22,NUC
MR11_YEAST,0.39,0.3,0.56,0.12,0.5,0.0,0.53,0.38,NUC
RL15_YEAST,0.46,0.35,0.69,0.18,0.5,0.0,0.3,0.25,CYT
SMY1_YEAST,0.54,0.5,0.51,0.26,0.5,0.0,0.52,0.22,CYT
CBPS_YEAST,0.7,0.65,0.54,0.28,0.5,0.0,0.6,0.4,VAC
YAB1_YEAST,0.51,0.39,0.56,0.55,0.5,0.0,0.46,0.64,MIT
ATP6_YEAST,0.52,0.64,0.34,0.16,0.5,0.0,0.57,0.22,MIT
AR56_YEAST,0.45,0.58,0.48,0.67,0.5,0.0,0.52,0.22,MIT
DPM1_YEAST,0.54,0.42,0.41,0.16,0.5,0.0,0.52,0.22,ME2
CYAA_YEAST,0.2,0.26,0.52,0.14,0.5,0.0,0.53,0.44,CYT
H2B2_YEAST,0.34,0.34,0.61,0.18,0.5,0.0,0.52,0.32,NUC
RL1_YEAST,0.35,0.33,0.48,0.42,0.5,0.0,0.47,0.43,CYT
FUR1_YEAST,0.69,0.6,0.5,0.31,0.5,0.0,0.55,0.22,CYT
CAPA_YEAST,0.42,0.35,0.54,0.18,0.5,0.0,0.56,0.22,CYT
YCK1_YEAST,0.71,0.51,0.49,0.23,0.5,0.0,0.3,0.32,ME2
GLRX_YEAST,0.52,0.5,0.6,0.2,0.5,0.0,0.52,0.22,CYT
FKB3_YEAST,0.54,0.57,0.52,0.19,0.5,0.0,0.59,0.67,NUC
TCPG_YEAST,0.59,0.51,0.47,0.21,0.5,0.0,0.47,0.22,CYT
LYS2_YEAST,0.46,0.47,0.46,0.16,0.5,0.0,0.51,0.22,CYT
RAD9_YEAST,0.41,0.52,0.51,0.22,0.5,0.0,0.52,0.44,NUC
RIM2_YEAST,0.45,0.43,0.5,0.25,0.5,0.0,0.47,0.22,MIT
OAT_YEAST,0.27,0.6,0.48,0.23,0.5,0.0,0.55,0.22,CYT
SDHL_YEAST,0.46,0.42,0.51,0.16,0.5,0.0,0.56,0.22,CYT
SKN1_YEAST,0.38,0.42,0.31,0.35,0.5,0.0,0.52,0.22,ME3
RA16_YEAST,0.33,0.28,0.5,0.4,0.5,0.0,0.46,0.61,NUC
YCK2_YEAST,0.59,0.48,0.49,0.49,0.5,0.0,0.36,0.32,CYT
CYB2_YEAST,0.53,0.44,0.51,0.33,0.5,0.0,0.52,0.22,MIT
ERG6_YEAST,0.32,0.47,0.55,0.12,0.5,0.0,0.52,0.22,CYT
FAS2_YEAST,0.63,0.62,0.42,0.12,0.5,0.0,0.52,0.25,CYT
MSN4_YEAST,0.51,0.56,0.62,0.24,0.5,0.0,0.52,0.51,NUC
SR72_YEAST,0.56,0.52,0.46,0.17,0.5,0.0,0.49,0.73,CYT
GDA1_YEAST,0.91,0.69,0.57,0.45,0.5,0.0,0.56,0.22,ME2
RS41_YEAST,0.32,0.44,0.54,0.21,0.5,0.0,0.4,0.19,CYT
TKT1_YEAST,0.58,0.55,0.51,0.13,0.5,0.0,0.52,0.22,CYT
CISY_YEAST,0.38,0.68,0.44,0.45,0.5,0.0,0.53,0.22,MIT
ATPS_YEAST,0.49,0.42,0.56,0.55,0.5,0.0,0.42,0.25,MIT
MS16_YEAST,0.61,0.59,0.47,0.49,0.5,0.0,0.54,0.22,MIT
RL6_YEAST,0.54,0.44,0.55,0.48,0.5,0.0,0.47,0.22,CYT
YKM9_YEAST,0.41,0.45,0.46,0.23,0.5,0.0,0.5,0.7,CYT
MAOX_YEAST,0.57,0.59,0.49,0.86,0.5,0.0,0.47,0.22,NUC
VATF_YEAST,0.65,0.58,0.53,0.21,0.5,0.0,0.51,0.22,VAC
TYR1_YEAST,0.66,0.54,0.53,0.17,0.5,0.0,0.54,0.22,CYT
SEN2_YEAST,0.48,0.5,0.47,0.29,0.5,0.0,0.46,0.27,NUC
HBS1_YEAST,0.21,0.38,0.49,0.16,0.5,0.0,0.51,0.45,CYT
RM13_YEAST,0.6,0.57,0.64,0.52,0.5,0.0,0.47,0.28,MIT
RL19_YEAST,0.72,0.37,0.63,0.38,0.5,0.0,0.4,0.14,CYT
GCR2_YEAST,0.54,0.56,0.57,0.18,0.5,0.0,0.45,0.25,NUC
ODO2_YEAST,0.53,0.5,0.54,0.56,0.5,0.0,0.49,0.41,MIT
DHE4_YEAST,0.38,0.47,0.53,0.12,0.5,0.0,0.48,0.22,CYT
YINO_YEAST,0.76,0.67,0.37,0.22,0.5,0.0,0.54,0.22,ME2
MDHM_YEAST,0.58,0.49,0.5,0.41,0.5,0.0,0.57,0.22,MIT
SPT6_YEAST,0.23,0.13,0.51,0.16,0.5,0.0,0.53,0.51,NUC
CC42_YEAST,0.59,0.48,0.5,0.14,0.5,0.0,0.45,0.25,CYT
H104_YEAST,0.66,0.62,0.52,0.17,0.5,0.0,0.49,0.22,CYT
RPB1_YEAST,0.44,0.62,0.53,0.27,0.5,0.0,0.49,0.22,NUC
CC11_YEAST,0.4,0.62,0.52,0.31,0.5,0.0,0.49,0.31,CYT
HIR1_YEAST,0.48,0.57,0.5,0.09,0.5,0.0,0.52,0.42,NUC
UBP1_YEAST,0.59,0.7,0.46,0.19,0.5,0.0,0.54,0.44,CYT
ATP9_YEAST,0.78,0.65,0.4,0.16,0.5,0.0,0.63,0.22,MIT
HXT5_YEAST,0.43,0.45,0.37,0.12,0.5,0.0,0.48,0.22,ME3
BCK1_YEAST,0.42,0.47,0.52,0.41,0.5,0.0,0.53,0.32,CYT
ATH1_YEAST,0.49,0.6,0.3,0.34,0.5,0.0,0.5,0.43,ME3
RPC6_YEAST,0.37,0.45,0.53,0.14,0.5,0.0,0.49,0.22,NUC
FU34_YEAST,0.37,0.34,0.32,0.22,0.5,0.0,0.56,0.22,ME3
NSR1_YEAST,0.3,0.55,0.58,0.16,0.5,0.0,0.61,0.28,NUC
RM09_YEAST,0.58,0.53,0.57,0.46,0.5,0.0,0.51,0.27,MIT
ORC2_YEAST,0.39,0.42,0.49,0.1,0.5,0.0,0.49,0.65,NUC
PR39_YEAST,0.32,0.48,0.49,0.17,0.5,0.0,0.47,0.22,NUC
SYR_YEAST,0.46,0.44,0.53,0.31,0.5,0.0,0.48,0.22,MIT
RLA0_YEAST,0.48,0.55,0.48,0.1,0.5,0.0,0.55,0.22,CYT
DYHC_YEAST,0.6,0.56,0.47,0.2,0.5,0.0,0.5,0.38,NUC
PE12_YEAST,0.28,0.46,0.26,0.18,0.5,0.0,0.39,0.22,VAC
ODP2_YEAST,0.48,0.57,0.52,0.61,0.5,0.0,0.51,0.22,MIT
ANP1_YEAST,0.74,0.75,0.58,0.47,0.5,0.0,0.4,0.35,ME2
CEM1_YEAST,0.71,0.59,0.48,0.43,0.5,0.0,0.59,0.22,MIT
ENO2_YEAST,0.45,0.56,0.53,0.32,0.5,0.0,0.57,0.22,CYT
ADH2_YEAST,0.46,0.53,0.52,0.15,0.5,0.0,0.58,0.22,CYT
R142_YEAST,0.56,0.41,0.58,0.21,0.5,0.0,0.42,0.22,CYT
ADA3_YEAST,0.33,0.46,0.53,0.29,0.5,0.0,0.5,0.55,NUC
R102_YEAST,0.49,0.67,0.5,0.28,0.5,0.0,0.43,0.22,NUC
YKE6_YEAST,0.77,0.74,0.37,0.29,0.5,0.0,0.45,0.22,ME1
PP12_YEAST,0.49,0.47,0.52,0.16,0.5,0.0,0.53,0.28,CYT
NI96_YEAST,0.4,0.53,0.44,0.18,0.5,0.0,0.54,0.31,NUC
RRN7_YEAST,0.42,0.38,0.52,0.29,0.5,0.0,0.42,0.22,NUC
VAL1_YEAST,0.31,0.4,0.31,0.17,0.5,0.0,0.52,0.22,ME3
GDI1_YEAST,0.64,0.53,0.45,0.13,0.5,0.0,0.53,0.22,CYT
TCPD_YEAST,0.39,0.47,0.49,0.2,0.5,0.0,0.53,0.26,CYT
CACM_YEAST,0.45,0.39,0.46,0.29,0.5,0.0,0.42,0.22,MIT
HXT4_YEAST,0.43,0.44,0.3,0.18,0.5,0.0,0.51,0.22,ME3
ODO1_YEAST,0.54,0.51,0.54,0.52,0.5,0.0,0.47,0.25,MIT
CRM1_YEAST,0.56,0.52,0.48,0.17,0.5,0.0,0.46,0.22,NUC
NAT1_YEAST,0.5,0.36,0.53,0.41,0.5,0.0,0.55,0.36,CYT
RL71_YEAST,0.35,0.39,0.56,0.2,0.5,0.0,0.49,0.41,CYT
IF4A_YEAST,0.38,0.42,0.5,0.19,0.5,0.0,0.44,0.22,CYT
RS11_YEAST,0.38,0.34,0.55,0.44,0.5,0.0,0.48,0.26,CYT
MTD1_YEAST,0.57,0.4,0.48,0.24,0.5,0.0,0.55,0.22,CYT
NOP4_YEAST,0.33,0.48,0.55,0.16,0.5,0.0,0.53,0.75,NUC
ATN2_YEAST,0.36,0.49,0.3,0.22,0.5,0.0,0.52,0.31,ME3
NOP3_YEAST,0.44,0.34,0.61,0.13,0.5,0.0,0.49,0.26,NUC
DPOG_YEAST,0.48,0.47,0.54,0.55,0.5,0.0,0.51,0.65,MIT
UCRX_YEAST,0.5,0.62,0.52,0.3,0.5,0.0,0.56,0.22,MIT
PRC5_YEAST,0.28,0.51,0.55,0.19,0.5,0.0,0.57,0.22,CYT
UCR9_YEAST,0.68,0.53,0.44,0.31,0.5,0.0,0.51,0.22,MIT
KAPR_YEAST,0.4,0.45,0.56,0.2,0.5,0.0,0.45,0.22,CYT
MET2_YEAST,0.4,0.47,0.48,0.18,0.5,0.0,0.46,0.22,CYT
DA80_YEAST,0.59,0.58,0.56,0.21,0.5,0.0,0.54,0.33,NUC
E2BD_YEAST,0.42,0.39,0.47,0.13,0.5,0.0,0.5,0.27,CYT
YHK5_YEAST,0.92,0.66,0.52,0.23,0.5,0.0,0.53,0.22,ME1
PR19_YEAST,0.48,0.41,0.54,0.39,0.5,0.0,0.51,0.22,NUC
SLY4_YEAST,0.4,0.43,0.36,0.33,0.5,0.0,0.51,0.22,ME3
PHR_YEAST,0.5,0.42,0.57,0.49,0.5,0.0,0.48,0.27,NUC
GTS1_YEAST,0.41,0.6,0.53,0.29,0.5,0.0,0.47,0.43,NUC
KHS1_YEAST,0.89,0.77,0.36,0.34,0.5,0.0,0.44,0.22,EXC
CC23_YEAST,0.35,0.58,0.54,0.16,0.5,0.0,0.51,0.22,NUC
SYMC_YEAST,0.57,0.44,0.42,0.2,0.5,0.0,0.54,0.22,CYT
GAS1_YEAST,0.7,0.69,0.43,0.33,0.5,0.0,0.58,0.22,ME1
DAP1_YEAST,0.32,0.36,0.28,0.38,0.5,0.0,0.5,0.4,ME3
P2B2_YEAST,0.59,0.5,0.52,0.28,0.5,0.0,0.55,0.25,CYT
BDF1_YEAST,0.33,0.43,0.64,0.16,0.5,0.0,0.52,0.52,NUC
CBPY_YEAST,0.69,0.7,0.5,0.3,0.5,0.0,0.54,0.22,VAC
CHL4_YEAST,0.57,0.51,0.53,0.18,0.5,0.0,0.56,0.25,NUC
RLA3_YEAST,0.73,0.6,0.47,0.2,0.5,0.0,0.72,0.22,CYT
OCH1_YEAST,0.83,0.57,0.42,0.57,0.5,0.0,0.5,0.32,ME2
IF4A_YEAST,0.38,0.42,0.5,0.19,0.5,0.0,0.44,0.22,CYT
GALY_YEAST,0.56,0.59,0.53,0.16,0.5,0.0,0.24,0.42,NUC
FCY2_YEAST,0.46,0.35,0.33,0.17,0.5,0.0,0.55,0.22,ME3
MT28_YEAST,0.43,0.83,0.55,0.2,0.5,0.0,0.47,0.4,NUC
SP11_YEAST,0.46,0.5,0.5,0.28,0.5,0.0,0.5,0.37,NUC
RF1M_YEAST,0.6,0.62,0.54,0.4,0.5,0.0,0.5,0.22,MIT
RPA1_YEAST,0.56,0.49,0.54,0.15,0.5,0.0,0.5,0.35,NUC
TCPA_YEAST,0.5,0.49,0.46,0.22,0.5,0.0,0.53,0.25,CYT
TBA3_YEAST,0.59,0.46,0.55,0.17,0.5,0.0,0.52,0.25,CYT
RPC3_YEAST,0.29,0.4,0.5,0.16,0.5,0.0,0.51,0.34,NUC
YKA5_YEAST,0.41,0.25,0.59,0.44,0.5,0.0,0.6,0.69,NUC
KC22_YEAST,0.49,0.31,0.49,0.35,0.5,0.0,0.51,0.29,NUC
GCR1_YEAST,0.27,0.51,0.47,0.35,0.5,0.0,0.49,0.28,NUC
RL19_YEAST,0.72,0.37,0.63,0.38,0.5,0.0,0.4,0.14,CYT
RL3B_YEAST,0.43,0.33,0.67,0.12,0.5,0.0,0.43,0.23,CYT
SC23_YEAST,0.41,0.49,0.47,0.09,0.5,0.0,0.49,0.22,CYT
RM33_YEAST,0.57,0.58,0.58,0.35,0.5,0.0,0.49,0.22,MIT
CAPB_YEAST,0.3,0.56,0.55,0.18,0.5,0.0,0.5,0.22,CYT
ALF_YEAST,0.56,0.62,0.53,0.24,0.5,0.0,0.57,0.22,CYT
KTR4_YEAST,0.94,0.6,0.33,0.49,0.5,0.0,0.54,0.22,ME2
PT91_YEAST,0.59,0.45,0.58,0.21,0.5,0.0,0.49,0.22,MIT
MAN1_YEAST,0.37,0.36,0.56,0.18,0.5,0.0,0.48,0.26,VAC
CDC3_YEAST,0.29,0.32,0.58,0.15,0.5,0.0,0.5,0.3,CYT
CC10_YEAST,0.5,0.64,0.57,0.15,0.5,0.0,0.47,0.22,CYT
ER24_YEAST,0.63,0.61,0.41,0.22,0.5,0.0,0.51,0.22,ME3
KAPB_YEAST,0.49,0.46,0.54,0.18,0.5,0.0,0.35,0.22,CYT
SYI_YEAST,0.5,0.46,0.52,0.16,0.5,0.0,0.52,0.26,CYT
IRA2_YEAST,0.4,0.45,0.42,0.17,0.5,0.0,0.54,0.26,ME3
FET4_YEAST,0.39,0.44,0.28,0.12,0.5,0.0,0.46,0.27,ME3
BAR1_YEAST,0.8,0.63,0.45,0.29,0.5,0.0,0.51,0.22,EXC
FAD1_YEAST,0.43,0.51,0.48,0.14,0.5,0.0,0.5,0.22,CYT
PH85_YEAST,0.4,0.37,0.54,0.13,0.5,0.0,0.48,0.22,NUC
TCPB_YEAST,0.5,0.45,0.52,0.18,0.5,0.0,0.52,0.22,CYT
APE2_YEAST,0.49,0.39,0.52,0.29,0.5,0.0,0.48,0.22,EXC
YKW2_YEAST,0.41,0.47,0.5,0.14,0.5,0.0,0.53,0.37,NUC
TFC1_YEAST,0.54,0.67,0.56,0.15,0.5,0.0,0.57,0.33,NUC
HS30_YEAST,0.37,0.62,0.34,0.25,0.5,0.0,0.51,0.22,ME3
E2BE_YEAST,0.32,0.38,0.52,0.2,0.5,0.0,0.52,0.28,CYT
ARGI_YEAST,0.65,0.65,0.52,0.16,0.5,0.0,0.6,0.22,CYT
RGM1_YEAST,0.42,0.21,0.59,0.3,0.5,0.0,0.47,0.27,NUC
CCL1_YEAST,0.4,0.38,0.53,0.16,0.5,0.0,0.52,0.27,NUC
END2_YEAST,0.78,0.7,0.32,0.23,0.5,0.0,0.53,0.22,ME1
DLDH_YEAST,0.48,0.48,0.5,0.47,0.5,0.0,0.55,0.22,MIT
ALG1_YEAST,0.86,0.68,0.39,0.24,0.5,0.0,0.54,0.22,ME2
MSH3_YEAST,0.51,0.6,0.51,0.26,0.5,0.0,0.54,0.22,NUC
TRPD_YEAST,0.45,0.76,0.51,0.25,0.5,0.0,0.59,0.22,CYT
PMT1_YEAST,0.37,0.51,0.39,0.18,0.5,0.0,0.51,0.27,ME3
YHQ1_YEAST,0.72,0.73,0.41,0.28,0.5,0.0,0.44,0.22,ME1
ATPG_YEAST,0.48,0.45,0.55,0.5,0.5,0.0,0.53,0.22,MIT
